kingmeeeech, Thu Apr 23 03:31:52 +0000 2020, -76.255686, 36.895082, @NCbae79 Wow , I hope and pray your strength to overcome that! 
HSHToria, Thu Apr 23 03:31:52 +0000 2020, -93.262046, 44.970610, Boy if you donâ€™t shut up and go make me a sandwich 
thorku, Thu Apr 23 03:31:52 +0000 2020, -93.262046, 44.970610, Biggest â€œwild cardâ€ in the draft?Isaiah Simmons is the Joker. 
Knastyyyyy, Thu Apr 23 03:31:53 +0000 2020, -118.136676, 34.085597, Last night was so unplanned and fun as muthafucka. I love my dawgzzzzz 
otter272, Thu Apr 23 03:31:53 +0000 2020, -97.552161, 35.482844, So.......if the Dumpster knew about the virus and did nothing, shouldnâ€™t he be charged with conspiracy to commit muâ€¦ https://t.co/NRMzyqLG7b 
SprintRunSprint, Thu Apr 23 03:31:53 +0000 2020, -83.804475, 27.698682, i havenâ€™t had a crab tray in quite a while 
keri___xoxo, Thu Apr 23 03:31:53 +0000 2020, -79.002112, 35.054627, the a cappella version of this hit different ğŸ¤© 
Ayo48, Thu Apr 23 03:31:53 +0000 2020, -73.831187, 40.670879, @JereeSaidSo Wow i looked and she has traveled all over the world with the same 2 tired ass wigs! https://t.co/KPVoulN5Lp 
HeCallsMe_JAQ, Thu Apr 23 03:31:53 +0000 2020, -79.420865, 38.003376, I planned out a whole surprise for this child when this social distance stuff ends ğŸ¥° 
allynwest, Thu Apr 23 03:31:53 +0000 2020, -95.446486, 29.838495, @BarryOcho Grilled cheese and tomato basil soup 
jawnrx, Thu Apr 23 03:31:53 +0000 2020, -73.948775, 40.655138, the only earth gay photos Iâ€™ll acknowledge 
ChuksJaphet, Thu Apr 23 03:31:53 +0000 2020, -80.476404, 43.430240, @Emmapeter112 Thanjavur boss 
VAN_FUCKYOUMEAN, Thu Apr 23 03:31:53 +0000 2020, -89.017567, 42.257146, This shit scares tf out of me 
Wilsooo4L, Thu Apr 23 03:31:53 +0000 2020, -95.446486, 29.838495, ğŸ˜‚ğŸ˜‚ğŸ˜‚ğŸ˜‚ğŸ˜‚ 
King_Torion, Thu Apr 23 03:31:53 +0000 2020, -86.791549, 36.200008, When I break, I break. 
perSONICk, Thu Apr 23 03:31:53 +0000 2020, -89.922029, 35.133521, Most thrilling sporting event Iâ€™ve ever witnessed in person 
rob_bieber, Thu Apr 23 03:31:53 +0000 2020, -79.913521, 43.260695, @christoaivalis I'm glad the NDP kept on these issues but I don't think the NDP (or any political party) can take câ€¦ https://t.co/TOI8Zcd6sS 
b24fowler, Thu Apr 23 03:31:54 +0000 2020, -79.995359, 35.995054, @markemoran @Greg81102 @BradenNevius @BallTalk365 @cbbanalytics #facts 
ashlaisabelle_, Thu Apr 23 03:31:54 +0000 2020, -73.849441, 40.850347, We got company coming overrrrr ğŸ¶ 
marisaapotts, Thu Apr 23 03:31:54 +0000 2020, -111.928142, 33.392884, @ULTRASLUT Is it nandini Indian cuisine? They gave me a hella discount the other day. Love them 
MadeePetties, Thu Apr 23 03:31:54 +0000 2020, -88.161555, 30.683649, This baby makes me so uncomfortableğŸ¤¢ 
ADiamondnTheRaw, Thu Apr 23 03:31:54 +0000 2020, -98.540651, 29.417501, I get my mom drunk and you never know what she could gon next. Now she praying that I give her 5 grandkids and sheâ€¦ https://t.co/9wzH3eGTQt 
loemalo, Thu Apr 23 03:31:54 +0000 2020, -84.532133, 33.948124, birthday in a week ğŸ¥° 
RCSDsch4, Thu Apr 23 03:31:54 +0000 2020, -75.770041, 42.746617, GMF School No. 4 supports and stands with Superintendent Dade ğŸ’¯%â€¼ï¸@TDade @RCSDNYS #westandwithdade #rcsdonefamilyâ€¦ https://t.co/Kctsa1GRng 
jaygjennings, Thu Apr 23 03:31:54 +0000 2020, -122.893224, 47.116208, @BrandiKruse Hah! 
AffinityImage, Thu Apr 23 03:31:54 +0000 2020, -116.361320, 43.691846, Dum due dada dum, bang.Humanity explained. https://t.co/D79cXSy1sg 
margieqwintero, Thu Apr 23 03:31:54 +0000 2020, -95.446486, 29.838495, @abc13houston Itâ€™s because he wants ppl to die for the economy.  Especially senior citizens such as himself. 
LimeLight_Jimmy, Thu Apr 23 03:31:54 +0000 2020, -80.233328, 25.782353, @Mayank35526787 @betfury_io @BitTorrent @booongogaming @SpinmaticEnt @spinomenal @PlaysonOnline @EndorphinaGamesâ€¦ https://t.co/1Jhq42dvRE 
what_is_style, Thu Apr 23 03:31:55 +0000 2020, -78.515337, 35.959024, Mood 
RyanDDowns, Thu Apr 23 03:31:55 +0000 2020, -114.143262, 45.494552, @DebsSweet I was disgusted by it, too- Deborah. I live 2 hours South of Boise, ID, where this woman was arrested. Aâ€¦ https://t.co/qB8ehJYT6h 
JeffreyKeck, Thu Apr 23 03:31:55 +0000 2020, -93.549592, 39.803669, Here is a great way to get active kids to dislike doing math. ğŸ˜³ 
RepublikEnemy, Thu Apr 23 03:31:55 +0000 2020, -118.346138, 33.914068, So point of origin could actually be different ğŸ¤”... 
amiephotos, Thu Apr 23 03:31:55 +0000 2020, -68.984705, 45.188407, I AM SOBBING 
adriansalinas08, Thu Apr 23 03:31:55 +0000 2020, -95.400973, 30.124856, @BlakeStBreaks @MacsCardShack How do we pay 
patrick_murray1, Thu Apr 23 03:31:55 +0000 2020, -77.604684, 41.117936, @duciswild love the scrabble board behind you every night. Keep it up!  It doesnâ€™t go unnoticed. 
itskathryndunn, Thu Apr 23 03:31:55 +0000 2020, -96.761753, 32.819858, @SamSmith12522 Lmao no you didnâ€™t, but I do encourage you to *not* be an asshole and provide fresh water to your hoâ€¦ https://t.co/YzriMfHJNC 
BarbiHayden, Thu Apr 23 03:31:55 +0000 2020, -96.347781, 30.665858, Love this manğŸ˜‚ğŸ‘ğŸ¼ 
Marlon23rd, Thu Apr 23 03:31:55 +0000 2020, -83.173867, 32.678207, my tax guy cooked the books again https://t.co/cwvmTscAum 
TheBoyJO, Thu Apr 23 03:31:55 +0000 2020, -96.053431, 41.275721, Backwood shorty pearl one up slime 
seansebastien, Thu Apr 23 03:31:55 +0000 2020, -90.011008, 29.982601, Lil Wayne - Comfortable ft. Babyface (New Orleans Bounce Remix) https://t.co/oifHZ2xcim via @YouTube 
Msdavis2Them, Thu Apr 23 03:31:55 +0000 2020, -95.446486, 29.838495, @Sweet_blisse KkğŸ˜˜ 
_dacey24, Thu Apr 23 03:31:55 +0000 2020, -101.897173, 33.570526, literally what i needed rn 
KPD224, Thu Apr 23 03:31:55 +0000 2020, -99.067996, 40.699800, Cool video by the @Yankees and at the 6 second mark is the famous Kearney World Theatre.  Very cool!â€¦ https://t.co/9fAkjKj4Q7 
lord_dyce, Thu Apr 23 03:31:55 +0000 2020, -117.173571, 34.052874, And 50 cent made a movie based off his own life. And played himself in the movie. 
MineHdz, Thu Apr 23 03:31:55 +0000 2020, -100.293591, 25.641718, Me caÃ­a muy bien la faceta de seÃ±or handy en cuarentena de mi papÃ¡. Hasta que se chingÃ³ una tuberÃ­a por andar intenâ€¦ https://t.co/vXebFbeSbT 
Patrick_Leger, Thu Apr 23 03:31:55 +0000 2020, -75.800141, 45.248791, @Casey Settings &gt; Devices &gt; Audio Devices &gt; output to Headphones &gt; With your headphones plugged in select "All Audiâ€¦ https://t.co/931CTZq8qA 
Galatas_H, Thu Apr 23 03:31:56 +0000 2020, -84.296906, 33.772208, @cvb_0723 Benâ€™s trippin manğŸ¤£ 
SomeUglyNigga, Thu Apr 23 03:31:56 +0000 2020, -83.173867, 32.678207, Normal people scare me 
manish1khanna, Thu Apr 23 03:31:56 +0000 2020, -79.645081, 43.418190, à¤”à¤° à¤¯à¥‡ à¤•à¥Œà¤¨ à¤²à¥‹à¤— à¤¹à¥ˆà¤‚ à¤œà¥‹ à¤…à¤°à¥à¤¨à¤¬ à¤•à¥‹ à¤°à¥‹à¤œà¤¼ à¤•à¥‰à¤² à¤•à¤°à¤¤à¥‡ à¤¹à¥ˆà¤‚ ?? He is always like â€œIâ€™m getting calls from all over the country â€œ. à¤ªà¤¿à¤Ÿà¤¨à¥‡ à¤•à¥‡ à¤ªà¤¹à¤²à¥‡ à¤¯à¤¾ à¤¬à¤¾à¤¦ ? 
_arielsummer, Thu Apr 23 03:31:56 +0000 2020, -117.896662, 34.047179, Soakin up the sun on this beautiful earth dayğŸŒŠğŸ ğŸŒ¼ğŸŒğŸ³ğŸŒ²ğŸŒ» https://t.co/IuEv9BwbUt 
rhannahgardner, Thu Apr 23 03:31:56 +0000 2020, -79.861034, 35.170499, @Lovatic_LOVEYOU @NariqB Venmo hannah-Gardner-30 
LibraGodJoeKerr, Thu Apr 23 03:31:56 +0000 2020, -73.709589, 45.605568, @JermzzOTF Apparently thatâ€™s attacking their insecurities ğŸ¤·ğŸ¾â€â™‚ï¸ 
johncolucci, Thu Apr 23 03:31:56 +0000 2020, -122.330602, 47.614817, @TravisMayfield YOU DESERVE ALL THE EMMYS 
MsSouth3rnBelle, Thu Apr 23 03:31:56 +0000 2020, -79.857363, 36.090397, On god ğŸ¤¦ğŸ½â€â™€ï¸ 
YSL_Ron, Thu Apr 23 03:31:56 +0000 2020, -95.446486, 29.838495, @Wisdom_Stature Okay I low-key be looking like that too ğŸ˜‚. It's not hard tho 
biggestcusefan, Thu Apr 23 03:31:56 +0000 2020, -74.167808, 40.915047, @inminivanhell @GeraldLombardi @Gini_4 My district isn't. Apparently there were some issues with the meetings gettiâ€¦ https://t.co/nRMfuuKHkV 
wrighteousj, Thu Apr 23 03:31:56 +0000 2020, -118.411907, 34.020789, @emtothea ğŸ¤â¤ï¸ 
htxkel, Thu Apr 23 03:31:56 +0000 2020, -95.446486, 29.838495, solitude is beyond peaceful. i love it here 
SiaSynn, Thu Apr 23 03:31:57 +0000 2020, -115.149000, 36.167500, Resign you airhead. How does it feel to be the most hated woman in this town? #douchenozzle @ Las Vegas, Nevada https://t.co/407U9eJaTB 
jojostwt, Thu Apr 23 03:31:57 +0000 2020, -97.754724, 30.323346, broooo iâ€™m losing it luv xxxxxx 
ahoedak, Thu Apr 23 03:31:57 +0000 2020, -75.117998, 40.004866, facile Ã  dire mais pas facile Ã  faire 
RealRyanReid, Thu Apr 23 03:31:57 +0000 2020, -118.411907, 34.020789, There truly was nothing like hearing Aviciiâ€™s â€œLevelsâ€ at a show in 2011. Didnâ€™t matter who the DJ was, the whole pâ€¦ https://t.co/2pNODYztKq 
markanthonysatx, Thu Apr 23 03:31:57 +0000 2020, -98.540651, 29.417501, Thank god tomrorow is Thursday 
Sheer__Opulence, Thu Apr 23 03:31:57 +0000 2020, -95.446486, 29.838495, This shit stopped getting funny thatâ€™s why they stopped 
JeanetteZainine, Thu Apr 23 03:31:57 +0000 2020, -87.789901, 41.887130, @niceandinnocent unfortunately it wasnâ€™t sexual. they were just hunting me in my dreams like I donâ€™t get enough of their bs irl 
fiorellazunino, Thu Apr 23 03:31:57 +0000 2020, -80.233328, 25.782353, Se acabÃ³ Parasite y necesito bajarle las revoluciones a todo lo que estÃ¡ pasando por mi cabeza ahorita. Volvemos aâ€¦ https://t.co/yF2pv1JpR3 
COMAone, Thu Apr 23 03:31:57 +0000 2020, -71.088712, 42.313670, If I learned one thing today itâ€™s that turtlesâ€™ shells are filled entirely with goo. 
ryteed19, Thu Apr 23 03:31:57 +0000 2020, -122.273584, 46.995024, ğŸ‘» https://t.co/0nDSfnS5zu 
Toetal_Vixen, Thu Apr 23 03:31:57 +0000 2020, -97.343915, 37.683897, @Alex51569166 Yes they do â˜ºï¸ 
htxkel, Thu Apr 23 03:31:56 +0000 2020, -95.446486, 29.838495, solitude is beyond peaceful. i love it here 
STOPSTALKINJyra, Thu Apr 23 03:31:57 +0000 2020, -90.011008, 29.982601, @C3rtified_JD ğŸ¤£ğŸ¤£ got yâ€™all 
terispenn, Thu Apr 23 03:31:57 +0000 2020, -81.850750, 26.711377, @ChristinePolon1 @AOC I guess you can say these Stupid things Because! You havenâ€™t missed a pay check!! 
HUDDWITCHHOE, Thu Apr 23 03:31:57 +0000 2020, -90.323572, 38.713635, @yizzelgillis @waydamin grl kuz u da 1 luk lika llamaâ˜ ï¸ğŸ˜­ğŸ¤¦ 
OvoNeekz, Thu Apr 23 03:31:57 +0000 2020, -79.272570, 43.629311, In bed eating Chinese food and watching Bad Boys ğŸ¥´ Iâ€™m so fucking content mannn 
Unicorngab03261, Thu Apr 23 03:31:57 +0000 2020, -94.097256, 33.430735, @Pillio_ Good luck everyone 
tallsnacksnack, Thu Apr 23 03:31:58 +0000 2020, -110.915573, 32.189391, @66cts Yay! So happy for both of you 
TheyCallMeCello, Thu Apr 23 03:31:58 +0000 2020, -86.270540, 45.001180, Keiera Made Us Margaritas &amp; They Some ğŸ”¥ğŸ”¥ğŸ”¥ğŸ˜‚ 
KaylynThigpen, Thu Apr 23 03:31:58 +0000 2020, -84.266174, 30.476216, Some of yâ€™all can recycle boyfriends but cant do it for metals, glasses, and plastic. ğŸ¤¨ 
kim_phair, Thu Apr 23 03:31:57 +0000 2020, -81.248786, 42.948841, @l2jeffrey @lpsmediaoffice Article says: witnesses described the license plates as looking â€œdifferentâ€, possibly prâ€¦ https://t.co/PSTzaMoSkC 
thashark316, Thu Apr 23 03:31:58 +0000 2020, -95.393388, 29.484659, When the Thunder trade for Rudy Gobert &gt;&gt;&gt;&gt;&gt; 
mayylinnnn, Thu Apr 23 03:31:58 +0000 2020, -73.948775, 40.655138, corona pack it up bc i need to go outside and meet new people ! how do you expect me to find the loml like this ? 
MorrowAndee, Thu Apr 23 03:31:58 +0000 2020, -105.068348, 39.899287, Less talk more action .. we will see 
biloxichoctaw, Thu Apr 23 03:31:58 +0000 2020, -94.128634, 30.086918, @KnolesMichael If you want to live, vote Trump out because everything Trump touches DIES. 
PITCHPIZZERIA, Thu Apr 23 03:31:58 +0000 2020, -96.053431, 41.275721, @NealJBiermanIns @OmahaRestWeek Thanks @NealJBiermanIns ! We try! ğŸ˜ğŸ¥ƒğŸ·ğŸ’¯ 
followmy_tweets, Thu Apr 23 03:31:58 +0000 2020, -83.804475, 27.698682, My daughter has graduated from stealing my hoodies (asking) now she asking for blankets, her future boyfriends in 50 years are in trouble 
jmedina781, Thu Apr 23 03:31:58 +0000 2020, -100.076888, 31.168893, kinda want airpods ğŸ™ 
KIMSGATES, Thu Apr 23 03:31:58 +0000 2020, -95.192680, 29.972668, @TXFBinsurance are y'all going to give refunds/credits like #Farmers #statefarm and other insurance companies? 
LoriLwilson23, Thu Apr 23 03:31:58 +0000 2020, -100.076888, 31.168893, @_CoachTrevino ğŸ´â€â˜ ï¸ğŸ–¤ğŸ´â€â˜ ï¸ 
ReVamPT_EvL, Thu Apr 23 03:31:58 +0000 2020, -71.660981, 42.831196, Anyone wanna grind valorant all day tomorrow? Iâ€™m outa work at 7 am est and think Iâ€™m gonna just stay up 
KRimcoski, Thu Apr 23 03:31:58 +0000 2020, -110.915573, 32.189391, @cpprstatestorms Whereâ€™s paradise? 
MorganxAlysse, Thu Apr 23 03:31:58 +0000 2020, -95.446486, 29.838495, @KiaraMarqui @AlwaysAJ_ Amari share your sticker lol 
teamhercules15, Thu Apr 23 03:31:58 +0000 2020, -93.018145, 45.067479, @TheStrokes_Fans  The strokes ripped the sound for â€œAt the doorâ€ from Alex Cameronâ€™s â€œThe Comeback.   Itâ€™s the onlyâ€¦ https://t.co/azKSGBcq5Z 
catchmekarmaa, Thu Apr 23 03:31:58 +0000 2020, -97.130289, 33.634366, What is the realest thing you ever wrote? Tag 3 peopleNo beauty for this beastMy worst enemies in my eyesDepresâ€¦ https://t.co/ODuxvjtaK1 
__HumbleMe_, Thu Apr 23 03:31:58 +0000 2020, -78.895441, 35.990983, @tyrabanks Still in Love ğŸ¶âœ¨ 
ksphill, Thu Apr 23 03:31:58 +0000 2020, -89.266508, 39.739300, So awesome! Letâ€™s go #goodguys 
LGP4july, Thu Apr 23 03:31:58 +0000 2020, -96.961483, 32.863917, Praying for a boy in Korea and his family here. 
DjKSin, Thu Apr 23 03:31:58 +0000 2020, -92.112308, 30.239503, Classic ğŸ’ªğŸ½ 
shitneymaddox, Thu Apr 23 03:31:58 +0000 2020, -81.532055, 40.814828, @IanLewis904 LMFAO green ğŸ˜³ 
wachafa, Thu Apr 23 03:31:58 +0000 2020, -82.511786, 28.059103, @LuisFlorido Yo he visto gente Csm, malaya, malparia y ustedes los de la MUD.Maaaaarditooooo si vos soy otro CORRUâ€¦ https://t.co/CmlsK1dcLQ 
puertoricangeek, Thu Apr 23 03:31:58 +0000 2020, -83.804475, 27.698682, @sirnonex I sent you a friend request!! 
SandyJoJohnston, Thu Apr 23 03:31:59 +0000 2020, -86.791549, 36.200008, Bridgestone 
dm_cgo, Thu Apr 23 03:31:59 +0000 2020, -87.732013, 41.833585, https://t.co/LaMVfWrIwD 
kim_phair, Thu Apr 23 03:31:57 +0000 2020, -81.248786, 42.948841, @l2jeffrey @lpsmediaoffice Article says: witnesses described the license plates as looking â€œdifferentâ€, possibly prâ€¦ https://t.co/PSTzaMoSkC 
Daiiz_6, Thu Apr 23 03:31:58 +0000 2020, -117.851089, 33.842863, https://t.co/lyEilpKNfO 
kimarcain, Thu Apr 23 03:31:59 +0000 2020, -89.876449, 32.571032, only when itâ€™s right tho.. 
ClauWow, Thu Apr 23 03:31:59 +0000 2020, -95.446486, 29.838495, â€œtreats others how you want to be treatedâ€ğŸ’— 
rich_mcconville, Thu Apr 23 03:31:59 +0000 2020, -73.705360, 40.725077, @StarTrek Hoshi and Tâ€™Pol! ğŸ˜ğŸ˜ https://t.co/zk4q8lA7lD 
MoSanks, Thu Apr 23 03:31:59 +0000 2020, -82.985772, 39.994684, Spit in my mouth 
KimberChase, Thu Apr 23 03:31:59 +0000 2020, -117.319094, 34.418775, @ReignsFan850 @StuBishop_LPD @Corporal_Ruckus @CheyBishop09 https://t.co/f7QkoLn71i 
abbzmchugh, Thu Apr 23 03:31:59 +0000 2020, -83.139281, 40.125273, I love being on Team Kennedy so much ğŸ’™ Thatâ€™s all, goodnight 
nicknewman801, Thu Apr 23 03:31:59 +0000 2020, -111.992317, 40.603071, @Matthew_7_14 @HeatherDJ98 @JReubenCIark @NiasDiad And so... whatâ€™s your point? You told me this was about her sacrâ€¦ https://t.co/hPxg49E5H7 
ashtoox, Thu Apr 23 03:31:59 +0000 2020, -95.508925, 29.574284, It be yo own niggas 
NerioRo86376388, Thu Apr 23 03:31:59 +0000 2020, -77.604684, 41.117936, Ok Sres del Comando Sur : todo eso lo sabemos Todo  ha sido documentado y demostrado. Es una amenaza a los intereseâ€¦ https://t.co/JqbPf3DRR5 
superdenise6, Thu Apr 23 03:31:59 +0000 2020, -110.915573, 32.189391, @KSBeautifulMess https://t.co/nOmiHv4y7e 
Jesse_Prior_, Thu Apr 23 03:31:59 +0000 2020, -118.503259, 34.415631, Look what I DID https://t.co/pmgFCRrK9K 
KLabordus, Thu Apr 23 03:32:00 +0000 2020, -95.317040, 32.315662, Natural selection. 
DJRossDaddy, Thu Apr 23 03:32:00 +0000 2020, -86.142922, 39.779562, @katebarstool Sorry to break up all the Spork pics but my dude Butters has entered the chat. https://t.co/byETZOQO55 
eashley_99, Thu Apr 23 03:32:00 +0000 2020, -122.699418, 38.343445, @ali_snider @camnut999 Factually incorrect. Laurie in the final season 
MsShupe, Thu Apr 23 03:32:00 +0000 2020, -121.967821, 37.370990, @puckhog09 @MattBarr_ Yes!  And some are hilarious ğŸ˜‚ 
fennell_tj, Thu Apr 23 03:32:00 +0000 2020, -98.142774, 29.571715, @theTfish04 whatâ€™d you get bitch?ğŸ‘€ 
CesarMercado4, Thu Apr 23 03:32:00 +0000 2020, -120.386827, 36.759252, He paying the fine belts are off due to not meeting the agreed weigh in 
__lexxaayy, Thu Apr 23 03:32:00 +0000 2020, -76.593943, 24.074967, I canâ€™t believe this website real 
Mr_G00D_LIFE, Thu Apr 23 03:32:00 +0000 2020, -77.604684, 41.117936, @garciathecami In three days 
MiloShandel, Thu Apr 23 03:32:00 +0000 2020, -123.123581, 49.257639, New Yearâ€™s Eve 2003-Denver. Violently ill for a day and a half thx to Chipotle. Shoulda sued. 
elsbet, Thu Apr 23 03:32:00 +0000 2020, -90.833088, 29.794553, @pcdunham Those legs! 
lerealsk, Thu Apr 23 03:32:00 +0000 2020, -119.306608, 37.269176, @Officiality Yes!! Iâ€™m learning to make it meaningful 
Fantasmicnathan, Thu Apr 23 03:32:00 +0000 2020, -117.104989, 32.810012, @IgneousFoxx The Gucci necklace one 
eberechukwuuu, Thu Apr 23 03:32:00 +0000 2020, -79.834175, 40.519726, @BroderickHunter Julius 
hayneyesiam, Thu Apr 23 03:32:00 +0000 2020, -122.452698, 37.678780, How I feel right now omg https://t.co/VCzFWMv7MR 
LasshGirl, Thu Apr 23 03:32:00 +0000 2020, -121.300425, 37.980826, I wanna plan my babys party so bad but what if all this isnt over by august :( 
malkabethwendy, Thu Apr 23 03:32:01 +0000 2020, -92.436774, 38.304558, @veryangrypleb Liberals do this slower &amp; in more veiled ways....like claiming SNAP allotments are "good enough if pâ€¦ https://t.co/dyIdfezXuj 
THELORDSEB, Thu Apr 23 03:32:01 +0000 2020, -115.135165, 36.060964, @WickdJaye Whew!!! Where can I get this lol. 
visualsubject, Thu Apr 23 03:32:01 +0000 2020, -117.581930, 47.489532, Canâ€™t wait to be back in this organic studio ğŸ‘ğŸ½ 
EddieMata, Thu Apr 23 03:32:01 +0000 2020, -73.831187, 40.670879, It was a blast. So much fun. Thank you, brother. @GoodDoctorABC @GoodDoctorFans @AntoniaLThomas @_christinachangâ€¦ https://t.co/gGdoHjbS9s 
iKyraBadd, Thu Apr 23 03:32:01 +0000 2020, -97.552161, 35.482844, i ainâ€™t begging nobody to stay in my life yes imma miss u but iâ€™ll get over itğŸ’¯ğŸ¤ 
THERIGH15367332, Thu Apr 23 03:32:01 +0000 2020, -81.733403, 30.172210, @eugenegu @realDonaldTrump i canâ€™t believe some of the people in the country. Donâ€™t be such an ass until you are caâ€¦ https://t.co/SYQ2avM3H7 
dxwwf3, Thu Apr 23 03:32:01 +0000 2020, -82.402313, 36.153786, This was the best design. As soon as we walked into the arena for Game 3 of the 2009 Finals, I wanted to see that câ€¦ https://t.co/Rm0UOdTcbF 
chitownescutie, Thu Apr 23 03:32:01 +0000 2020, -80.926628, 33.631140, @fcckjulius SmhğŸ¤¦ğŸ¾â€â™€ï¸ 
infosrv, Thu Apr 23 03:32:01 +0000 2020, -87.760900, 42.113700, [12:32:01] 96.65.72.247:2143 &gt;&gt; :80 (TCP:SYN) 
evanempdx, Thu Apr 23 03:32:01 +0000 2020, -90.011008, 29.982601, @Shakabrodie Did you fuck with El Camino? I personally loved it, but I know a bunch of people who were underwhelmed by it. 
ahoedak, Thu Apr 23 03:32:01 +0000 2020, -75.117998, 40.004866, eh vazi bnui 
dreism79, Thu Apr 23 03:32:01 +0000 2020, -122.272100, 37.802900, â–³â–½â–³ A N T H E M_L I F Eâ„¢KungFu melee Palm @ Oakland, California https://t.co/1HlDfjUFKL 
paulgarxia, Thu Apr 23 03:32:01 +0000 2020, -118.411907, 34.020789, @TahnyaPS SE ABRIO LA CAJA DE PANDORA DE LAS AFP!! ESO LES ASUSTA Y ANDAN DICIENDO QUE HAY QUE HACER CUMPLIR LA LEY POR QUE SERA??? 
pdxpolicelog, Thu Apr 23 03:32:01 +0000 2020, -122.532958, 45.505052, NOISE DISTURBANCE at 12600 SE DIVISION ST, PORT [Portland Police #PP20000131450] 20:26 #pdx911 
KkSoHollywood, Thu Apr 23 03:32:01 +0000 2020, -90.011008, 29.982601, itâ€™s about to be a long night 
Ronnie_Moore_, Thu Apr 23 03:32:01 +0000 2020, -74.556047, 40.892542, If you want clients to value your services. Charge what youâ€™re worth. #MoveWithAPurpose 
mrjscott1, Thu Apr 23 03:32:01 +0000 2020, -71.088712, 42.313670, I finished like 4 shows all in 4 days. #blackAF, #LittleFiresEverywhere, #CJWalker, and #TooHotToHandle 
TexAg09, Thu Apr 23 03:32:01 +0000 2020, -97.432425, 27.737151, @txaggiecharlene @RichOToole I definitely know what you mean! 
SalSpice, Thu Apr 23 03:32:01 +0000 2020, -93.262046, 44.970610, @sethtoups thatâ€™s whatâ€™s i said. 
feliza_irma, Thu Apr 23 03:32:01 +0000 2020, -81.248786, 42.948841, What the fuck is this ğŸ¤¯ #RPM420 https://t.co/Rs6INd0sFe 
xTheKidFearx, Thu Apr 23 03:32:01 +0000 2020, -121.955229, 37.280837, Dawg I haven't felt so connected to a character in such a long time. Phoenix's punchlines are literally all I live for. 
agrigsbyjr219, Thu Apr 23 03:32:01 +0000 2020, -121.439383, 38.410428, @ZayByars8 thatâ€™s yo boy ğŸ˜‚ better hope he turns the @Panthers up ğŸ’¯ğŸ˜‚ 
ErickLopezz_, Thu Apr 23 03:32:01 +0000 2020, -100.365274, 25.807314, Baby Iâ€™m so lonely 
vannnahrae, Thu Apr 23 03:32:02 +0000 2020, -100.076888, 31.168893, Canâ€™t wait 
pdxfirelog, Thu Apr 23 03:32:02 +0000 2020, -122.487339, 45.504591, MED - MEDICAL at SE 170TH AVE / SE DIVISION ST, PORT [Portland Fire #RP20000032940] 19:55 #pdx911 
LustforLo, Thu Apr 23 03:32:02 +0000 2020, -83.173867, 32.678207, omggggg ğŸ˜­ğŸ˜­ğŸ˜­ 
_LanceDawg, Thu Apr 23 03:32:02 +0000 2020, -86.791549, 36.200008, Lmaoooo Iâ€™m watching the 85 south show Karlous gone say some â€œ the clit with the dickhead â€œ 
pdxpolicelog, Thu Apr 23 03:32:02 +0000 2020, -122.734033, 45.594770, THEFT - COLD at 6900 N MEARS ST, PORT [Portland Police #PP20000131414] 19:49 #pdx911 
pdxfirelog, Thu Apr 23 03:32:02 +0000 2020, -122.550989, 45.534474, MED - MEDICAL at 10800 NE WEIDLER ST, PORT [Portland Fire #RP20000032935] 19:33 #pdx911 
AaronStuart20, Thu Apr 23 03:32:02 +0000 2020, -111.992317, 40.603071, @Derek_R_Fiaolla @JoeySalads @Ilhan He shut the fucking country down. Wtf else do you want him to do? How bouts youâ€¦ https://t.co/gSIKcX0JDr 
imjohnnice, Thu Apr 23 03:32:02 +0000 2020, -87.732013, 41.833585, Black folks get on my last nerve cuz wtf is this ğŸ˜‚ 
BallFever_CO_Tr, Thu Apr 23 03:32:02 +0000 2020, -104.922093, 39.713563, @jalenweaver__ @MylesPurchase @DeAngeloHorn81 @JulianHammond15 @greg_gerhardt @swilson_28 @TyceBaldwin in the spiriâ€¦ https://t.co/8emayQ1FOZ 
pdxfirelog, Thu Apr 23 03:32:02 +0000 2020, -122.666659, 45.543779, MED - MEDICAL at N WILLIAMS AVE / NE STANTON ST, PORT [Portland Fire #RP20000032931] 19:23 #pdx911 
TySosaChapo, Thu Apr 23 03:32:02 +0000 2020, -89.922029, 35.133521, Baby Hygiene ğŸ¤® 
OhToFreeCanada, Thu Apr 23 03:32:02 +0000 2020, -79.820465, 43.381396, @lornebrooker https://t.co/I8BSWKwqIY 
thaghettoview, Thu Apr 23 03:32:02 +0000 2020, -115.149000, 36.167500, Now Playing@missmulatto247 ft trinarockstarr @SaweetieHarper #BitchFromDaSouf (Remix)Onâ€¦ https://t.co/C2faWquObn 
MichaelSteele, Thu Apr 23 03:32:02 +0000 2020, -77.236969, 38.805115, Mayor @KeishaBottoms continue firm in your leadership, grounded and true. Your daughter and Atlanta will be betterâ€¦ https://t.co/nzMN14Xq8v 
pdxpolicelog, Thu Apr 23 03:32:02 +0000 2020, -122.721300, 45.454179, UNWANTED PERSON at 9800 SW CAPITOL HWY, PORT [Portland Police #PP20000131378] 18:54 #pdx911 
BMiggs, Thu Apr 23 03:32:02 +0000 2020, -122.435979, 37.770657, So either you know, or donâ€™t know the magic within this package. And thatâ€™s fine. But on the real, there is a sigâ€¦ https://t.co/KlFRGys1I9 
franky198102, Thu Apr 23 03:32:03 +0000 2020, -73.723025, 45.557830, @Vadeboncoeur_Al https://t.co/0NYoFFu5X3 
_gutierrez0130, Thu Apr 23 03:32:03 +0000 2020, -97.754724, 30.323346, I NEED A HAIRCUT ğŸ˜©ğŸ˜© 
xoprincesslaney, Thu Apr 23 03:32:03 +0000 2020, -97.285913, 32.779967, I just donâ€™t feel like myself rn 
Wardcox007, Thu Apr 23 03:32:03 +0000 2020, -78.977869, 33.609538, @RoamingAsches @Phoenix81977532 It's sounds like stepping on a Lego... 
zainawaheed, Thu Apr 23 03:32:03 +0000 2020, -89.876449, 32.571032, â€œMy bad â€œ is not an apology and Idk who taught yâ€™all otherwise .  The correct way to apologize : â€œ Iâ€™m sorry forâ€¦ https://t.co/mDAdsf5Y60 
chefgabemac, Thu Apr 23 03:32:03 +0000 2020, -81.705467, 41.495940, @afaggingtoday @FvmousY @98shawtyy @katietalbert63 @Daddy_Tyra @beautybytamib You literally look YT enough that youâ€¦ https://t.co/LDqnjZJyKy 
sharonflink, Thu Apr 23 03:32:03 +0000 2020, -91.090800, 30.459100, @nudog71 Russia 
WadeMcCrory, Thu Apr 23 03:32:03 +0000 2020, -97.302830, 32.520998, @ToriFitka @kpacumupa Hereâ€™s all my plants! https://t.co/dPMjZQjE6x 
CoelhoGreiner, Thu Apr 23 03:32:03 +0000 2020, -119.306608, 37.269176, @ThePerezHilton Omg not cool at all first off he's 25 and the boy is 16 that's like breaking the law not only did hâ€¦ https://t.co/v42vwKJcpL 
BCASX0, Thu Apr 23 03:32:03 +0000 2020, -112.124676, 33.552863, Shoot with oubre tomorrow ğŸ“¸ğŸğŸ‘€ 
qkxw5, Thu Apr 23 03:32:04 +0000 2020, -76.920117, 38.603521, @curlyhead_chey Bet 
ElizabethFreer, Thu Apr 23 03:32:04 +0000 2020, -98.716992, 35.309047, I am not the one sis... 
madorairene, Thu Apr 23 03:32:04 +0000 2020, -77.418002, 39.432037, Iâ€™m sorry 
RuthRhoadsAllen, Thu Apr 23 03:32:04 +0000 2020, -106.026119, 34.166235, #earthdayeveryday 
NelsonNate116, Thu Apr 23 03:32:04 +0000 2020, -81.705467, 41.495940, You sick 
missladyvettab, Thu Apr 23 03:32:04 +0000 2020, -82.672903, 27.795720, Friday Iâ€™m up &amp;&amp; running ğŸƒğŸ½â€â™€ï¸ I have lasagna dinners on sale https://t.co/HxHaQhINIh 
LELIYE__, Thu Apr 23 03:32:04 +0000 2020, -118.113076, 33.844650, @Trill_Matrix No one did lmao but shit what ever craft you was doing before you can focus 100% on it 
THUNDERATIONS, Thu Apr 23 03:32:04 +0000 2020, -89.069133, 30.426027, @_xihua @unluckyyona Thanks for the info. Never cared about AC before but really getting into this one! Couldnâ€™t foâ€¦ https://t.co/wgvZ4ZXe72 
itzel_g8, Thu Apr 23 03:32:04 +0000 2020, -97.754724, 30.323346, Le preguntÃ© a mi papÃ¡ que a quÃ© hora nacÃ­ y me saliÃ³ con esto, weeey pues perdÃ³n, si quieres te lo pago ğŸ˜¡ https://t.co/8svtz2HyQ2 
mellowroberts, Thu Apr 23 03:32:04 +0000 2020, -102.104627, 31.994300, Me and @nobodygoodatall saw into the future 
isazapata, Thu Apr 23 03:32:05 +0000 2020, -80.233328, 25.782353, @DonnaTeresa5 thanks for the love â¤ï¸â¤ï¸â¤ï¸â¤ï¸ 
ButtaFlyTy, Thu Apr 23 03:32:05 +0000 2020, -73.948775, 40.655138, WhewğŸ˜¬ 
CalCourtKy, Thu Apr 23 03:32:05 +0000 2020, -121.873730, 37.331159, @AlpertReyes What normal, even middle class person could afford a lawyer or the time off work to go to court? I gâ€¦ https://t.co/z4JbENQht4 
_AirCandi, Thu Apr 23 03:32:05 +0000 2020, -81.367773, 28.501678, ğŸ˜‚ğŸ˜‚ğŸ˜‚ğŸ˜‚ğŸ’€ğŸ’€ğŸ’€ğŸ’€âš°ï¸âš°ï¸âš°ï¸âš°ï¸ 
EscobedoLizette, Thu Apr 23 03:32:05 +0000 2020, -118.018856, 33.975918, @adanjchavez I am gonna set up an auto reply just for emails from you that says â€œnope. Go drink coffee and watch Caâ€¦ https://t.co/kAmJbjQbMm 
EnnyShonaike, Thu Apr 23 03:32:05 +0000 2020, -88.442060, 42.310709, https://t.co/iaWXNJzCeR 
FourEyesEd, Thu Apr 23 03:32:05 +0000 2020, -73.948775, 40.655138, Fucking PlayStation ğŸ¤¦ğŸ»â€â™‚ï¸ğŸ™„ 
m_ariahh, Thu Apr 23 03:32:05 +0000 2020, -107.840587, 35.152632, When Kodak said â€œI need some toilet paperâ€  all of United States FELTTTTT that.ğŸ˜­ 
quelita15, Thu Apr 23 03:32:05 +0000 2020, -74.678677, 41.021610, HÃ¡blenme de amor.â™¥ï¸ 
PearLToine, Thu Apr 23 03:32:05 +0000 2020, -85.565688, 42.290524, Thatâ€™s what itâ€™s bout 
heatherleigh73, Thu Apr 23 03:32:05 +0000 2020, -82.306723, 27.827367, @SaraJNorth @DonnieWahlberg @BuckeyeCuti @SkipperChic @Tammi_inCO @JayMo_215 @lizheileman @staceyrenee7â€¦ https://t.co/wVJI0X94RE 
noahslinker, Thu Apr 23 03:32:05 +0000 2020, -85.768241, 37.822244, Imagine being one of those people that thinks not cursing makes you classy hahahah fuckin nerds 
Melissa41560, Thu Apr 23 03:32:05 +0000 2020, -86.791549, 36.200008, @HairPie5 @jsicolts @_ReaalAmerican_ @JoeBiden This is my absolute favorite from that collage. The officer's expresâ€¦ https://t.co/MRWEFCak1V 
hello_brendita, Thu Apr 23 03:32:05 +0000 2020, -96.696562, 40.803235, @plainselitist @Maltese_Falcons @v_nooguyen Delete your account. 
CoachRay0914, Thu Apr 23 03:32:05 +0000 2020, -96.761753, 32.819858, @kei_nikohl Not at all!!! 
pdherron, Thu Apr 23 03:32:05 +0000 2020, -73.849441, 40.850347, TY to our wonderful administrative professionals at @EinsteinMed &amp; @MontefioreNYC who tirelessly support our facultâ€¦ https://t.co/6fm7xTpRem 
buffett_v, Thu Apr 23 03:32:05 +0000 2020, -59.435241, 53.028025, @motocarbus @SGumpa Good for doubling âœŒ 
Skeletampire, Thu Apr 23 03:32:06 +0000 2020, -79.272570, 43.629311, @FanboyMileena Final Fartasy ğŸ˜‚ 
FinnamGod, Thu Apr 23 03:32:06 +0000 2020, -76.832809, 38.882384, Iâ€™m boujee now ğŸ‘¨ğŸ¾â€ğŸ¦¯ https://t.co/Ok4usHpp6k 
glowbitty, Thu Apr 23 03:32:06 +0000 2020, -95.446486, 29.838495, Iâ€™d only get a pair of crocs to collect the charms. 
LSanz92, Thu Apr 23 03:32:06 +0000 2020, -80.156826, 26.179921, Being a Leo woman with an Aries mother &lt;&lt;&lt;&lt;&lt;&lt;&lt;&lt;&lt;&lt;&lt; 
bebotsoriano14, Thu Apr 23 03:32:06 +0000 2020, -116.237907, 33.744633, Wow @aldenrichards02  with Superstar Nora Aunor, this for sure is a good one! #AldenRichards #RoadTo10WithALDEN 
Ju_daily, Thu Apr 23 03:32:06 +0000 2020, -75.117998, 40.004866, @_1honeydee ğŸ˜‚ğŸ˜‚ğŸ˜‚ 
ryandatkinson, Thu Apr 23 03:32:06 +0000 2020, -94.790198, 39.008432, That's some Olathe North swag right there. 
TwoBladeBae, Thu Apr 23 03:32:06 +0000 2020, -86.142922, 39.779562, I think the next Adult Purchase I Make will be hangers so I can actually hang up my shirts. 
_wenwoo, Thu Apr 23 03:32:06 +0000 2020, -98.000235, 26.176961, my sister is wearing JEAN shorts to sleep bcs she ran out of pjs ???  I CANNOT 
subumbral, Thu Apr 23 03:32:06 +0000 2020, -123.122401, 44.065621, @Kristen_Arnett Omg, home slurpees!!!  Ahem. Sorry. Carry on. 
MsLuna_RSE, Thu Apr 23 03:32:06 +0000 2020, -100.076888, 31.168893, @gdanz32 Let's try itğŸ¤£ 
ngmom6, Thu Apr 23 03:32:06 +0000 2020, -86.270540, 45.001180, @SarahGrr30 We miss you all toooooo!!! Hugs hugs hugs â¤ï¸ğŸ’ğŸ’• 
theyloveashley, Thu Apr 23 03:32:06 +0000 2020, -82.442694, 27.996595, Thatâ€™s messed up ğŸ˜” 
wayne8135, Thu Apr 23 03:32:06 +0000 2020, -95.446486, 29.838495, @HaleyCarrots @_itsnicoleyyy_ I pray that God bring healing right now in Jesus holy name ğŸ™ğŸ™ğŸ™ğŸ™â›ªï¸ 
lizzzzzzzz_23, Thu Apr 23 03:32:06 +0000 2020, -97.285913, 32.779967, @Arturo15Rivera Smh .... 
debargento, Thu Apr 23 03:32:06 +0000 2020, -75.117998, 40.004866, Edit mode ğŸ˜Š...Dana and Anthony! #debargentophotography https://t.co/kHAF9KNwbx 
anasofiaaaleon, Thu Apr 23 03:32:06 +0000 2020, -77.101999, 38.880845, @sarahkalifaa About to pack 
Coraliz_Royce15, Thu Apr 23 03:32:06 +0000 2020, -88.310447, 42.039940, yup 
Tgo13, Thu Apr 23 03:32:06 +0000 2020, -86.871147, 33.678494, I love this draft for Denver. NFL mock draft 2020, 3-round edition: Dolphins pass on Tua Tagovailoa; Cowboys, 49erâ€¦ https://t.co/5sCa0t9kFC 
_cremily, Thu Apr 23 03:32:07 +0000 2020, -83.804475, 27.698682, I love smoking weed I love the inspiration I get to write my essays 
UpasnaGautam, Thu Apr 23 03:32:07 +0000 2020, -97.754724, 30.323346, @imanelgammal @onepeloton I get mine on June 4th - Not bad given the circumstances. And YAY we can be Peloton pals! 
HildaHu84485411, Thu Apr 23 03:32:06 +0000 2020, -96.961483, 32.863917, @joshualeepalmer @TeamPulte really need some help with paying for my medication. $Oshun59 anyone please https://t.co/0xNf9sM6Ih 
kelsey_freels, Thu Apr 23 03:32:07 +0000 2020, -97.169156, 31.547449, so, Ms. Jackson was playing and I was singing â€œIâ€™m sorry Ms. Jackson I am foooo realâ€ and then we wrecked and was sâ€¦ https://t.co/S0dFGhufzX 
artvenezia1, Thu Apr 23 03:32:07 +0000 2020, -122.435979, 37.770657, Let them rot in prison, suckers!! 
sabecc_, Thu Apr 23 03:32:07 +0000 2020, -119.025163, 35.346902, @lesliecruz__ I love you ğŸ’› 
brookieeeminaj, Thu Apr 23 03:32:07 +0000 2020, -84.453724, 39.161451, The O.C. soundtrack? Rip Mahart out why donâ€™t u???? 
luppeexp, Thu Apr 23 03:32:07 +0000 2020, -119.165389, 34.181956, @jenaicaperez My baby ğŸ¥ºğŸ¥ºğŸ’• 
YourTenantRep, Thu Apr 23 03:32:07 +0000 2020, -73.723025, 45.557830, #cre  #realestate #ccim #sior #tenantrep.#COVID19 
KW10110, Thu Apr 23 03:32:07 +0000 2020, -115.061127, 36.184754, @MollyJongFast Pretty much Never Funny ğŸ˜ 
_DarkSkinNiggaa, Thu Apr 23 03:32:07 +0000 2020, -93.701167, 32.036026, i need a VACATION ğŸš¨ 
Dinwoodey6, Thu Apr 23 03:32:07 +0000 2020, -111.823006, 40.687107, Phil, Eldrick, Peyton, TOM ...Sure ğŸ¤·ğŸ»â€â™‚ï¸ As long as side wagers are made known to the public ? https://t.co/9R48giSfZd 
nroxey2, Thu Apr 23 03:32:07 +0000 2020, -89.864704, 30.779717, BULLSHIT 
Reds433, Thu Apr 23 03:32:07 +0000 2020, -117.924892, 33.889347, @Longhorns34hook Thanks!ğŸ™ŒğŸ½ 
nate_pauly, Thu Apr 23 03:32:07 +0000 2020, -77.712567, 43.162659, At the end of the day, somebody has to make the enemy scared of the dark. 
_andreamercado_, Thu Apr 23 03:32:07 +0000 2020, -100.076888, 31.168893, @OnlyTheDimes Smash or pass?ğŸ‘€ https://t.co/0cWO4AReBZ 
GOP_U, Thu Apr 23 03:32:07 +0000 2020, -118.411907, 34.020789, @paojonno @STFLIckUp @RSherman_25 We can control the virus. Look at South Korea and Australia. They have it under câ€¦ https://t.co/4gf5ReUynj 
brendaqzda1, Thu Apr 23 03:32:07 +0000 2020, -99.538038, 24.855818, Brayan es un niÃ±o super diferente a los demÃ¡s literal ğŸ™ˆ 
al_grace__, Thu Apr 23 03:32:07 +0000 2020, -97.285913, 32.779967, @lexaabadie @KowboiKay Iâ€™m gonna fuckin murder youğŸ˜‚ 
__baileygrace, Thu Apr 23 03:32:07 +0000 2020, -85.978600, 35.830522, what happened to compassion and the idea of humanity? when did we stop being understanding? what happened to listenâ€¦ https://t.co/axqpYGyMoG 
Eduard27896620, Thu Apr 23 03:32:07 +0000 2020, -116.964135, 32.426776, QuiÃ©n me visitaManda WhatsApp9621443317Tijuana https://t.co/rAGwyrNjqB 
msanchezchef, Thu Apr 23 03:32:08 +0000 2020, -81.725752, 33.532742, @navarrowolff Y usted fue de los q critico tanto los documentales de porte por hablar de pablo escobar??? Ah ya! 
cadaverousxxx, Thu Apr 23 03:32:08 +0000 2020, -95.446486, 29.838495, @graveyardbby Lmao i look HORRENDOUS 
oliviagrushon, Thu Apr 23 03:32:08 +0000 2020, -84.256139, 39.629944, I swear I treat Maddy and Amara like theyâ€™re my kids. They come over and leave with dinner, dessert and sometimes groceries ğŸ˜‚ 
thebrigittemoya, Thu Apr 23 03:32:08 +0000 2020, -118.411907, 34.020789, @nyghtphyre @IAMLORDVOLDEY https://t.co/aJXxfq2HtE 
thaneay_ikefay, Thu Apr 23 03:32:08 +0000 2020, -84.481627, 42.746720, YeSSiRRSKi 
mudpiesllc_SueB, Thu Apr 23 03:32:08 +0000 2020, -77.122588, 42.153593, @hurstmlaxtrain Congratulations Austin! Youâ€™ll be missed ğŸ¥ğŸ€ 
laurennntaylor1, Thu Apr 23 03:32:08 +0000 2020, -100.076888, 31.168893, dasss my friend. go friend! ğŸ¥° 
ZingoFrank, Thu Apr 23 03:32:08 +0000 2020, -77.454733, 43.232025, YA STILL BE OK AND LOOK ILL BE OK SOME KINDA WAY STILL !! ALL THAT ALL THAT BULLSHIT IS DOING IS PROVEING MY FAME Aâ€¦ https://t.co/r4Yfp4mfjL 
Hey__Zach, Thu Apr 23 03:32:08 +0000 2020, -97.935192, 29.895606, @FixYourLife I saw a girl wearing Louie mask the other day. ğŸ¤¦ğŸ»â€â™‚ï¸ 
MKLiebmann, Thu Apr 23 03:32:08 +0000 2020, -118.369645, 34.087010, @Lil_SJL It was brutal and pretty gruesome to watch happen ğŸ˜¬ 
clarperonhighst, Thu Apr 23 03:32:08 +0000 2020, -70.525171, 43.377360, i like hannah, but no one is jealous of her and luke. that is just lazy.  #summerhouse https://t.co/j2SSru5TnO 
anobleblackeye, Thu Apr 23 03:32:08 +0000 2020, -97.285913, 32.779967, @kitsunehoney Iâ€™ll never understand moving on and leaving people alone. Mfs be on serial killer mode. 
TitoSeth32, Thu Apr 23 03:32:08 +0000 2020, -94.808085, 38.886623, Ainâ€™t ever too grown to eat brownie batter. 
GahDamnNick, Thu Apr 23 03:32:08 +0000 2020, -83.173867, 32.678207, I just watched this tape Lmaoooo 
mckenna_keil, Thu Apr 23 03:32:08 +0000 2020, -118.400884, 33.889487, Stopppp it ğŸ˜‚ 
boosted_wankel, Thu Apr 23 03:32:08 +0000 2020, -85.768241, 37.822244, My graduation is canceled, might as well hang my regalia by my wedding dress I don't get the chance to wear ğŸ˜­ https://t.co/XAuq5l21UC 
andreazg08, Thu Apr 23 03:32:09 +0000 2020, -83.999204, 33.950635, Yâ€™all peep the difference ğŸ‘€ğŸ‘€ Katie w no braces hehe 
BigWayner_96, Thu Apr 23 03:32:09 +0000 2020, -118.194026, 33.938045, I didnâ€™t want this wtf killing my vibes out here. ğŸ¤¦ğŸ»â€â™‚ï¸ 
BrianaSolorzano, Thu Apr 23 03:32:09 +0000 2020, -86.145272, 42.839172, @sam_noseda Love it! Hahah Lifeâ€™s been great latelyâ˜ºï¸ğŸ¤·ğŸ»â€â™€ï¸ 
Pattrick11, Thu Apr 23 03:32:09 +0000 2020, -87.732013, 41.833585, @offensiveloons @kv_tucker Iâ€™m gonna say that is in fact a wheat beer possibly Allagash. 
D_iey_na, Thu Apr 23 03:32:09 +0000 2020, -80.353332, 25.772288, Trop adorable ğŸ¥ºâ¤ï¸â¤ï¸ 
Sexboy12528511, Thu Apr 23 03:32:09 +0000 2020, -117.104989, 32.810012, @Danafunk12 Delicia 
kayy_dott_, Thu Apr 23 03:32:09 +0000 2020, -100.076888, 31.168893, @Teee409 ğŸ˜‚ğŸ˜‚ğŸ˜‚ 
jackhutton, Thu Apr 23 03:32:09 +0000 2020, -122.435979, 37.770657, Michael Moore? No.You must be joking? No.. Glad to turn off @11thHour â€” I donâ€™t watch Michael Moore. I donâ€™t whyâ€¦ https://t.co/cjyLURq8H5 
tdubisTU, Thu Apr 23 03:32:09 +0000 2020, -83.173867, 32.678207, See this be that disrespectful ass shit I be talking bout. https://t.co/GCoYMSj54f 
ho_pro, Thu Apr 23 03:32:09 +0000 2020, -81.325821, 40.399040, @jaubiel67 @Hunter_Miles28 @Jsmith1624 Jerr after 5 holes and 3 palmers https://t.co/LEfNNCdInA 
KloutBoy_Lee, Thu Apr 23 03:32:09 +0000 2020, -74.167808, 40.915047, I just thought of the perfect thing to buy my daughter ğŸ¤— 
ninohurtado1, Thu Apr 23 03:32:09 +0000 2020, -92.342322, 34.721886, Does anyone make flan with crust...kinda like a pie?ğŸ˜‹ğŸ˜‹ 
ChangPants, Thu Apr 23 03:32:09 +0000 2020, -115.128846, 36.136412, Yeah, I guess this is true. 
fraggle94, Thu Apr 23 03:32:09 +0000 2020, -122.279521, 37.875845, @La_Schipa @AyadeLeon @amariescully Just in case you need to know what day it is. 
MissMegggy2430, Thu Apr 23 03:32:09 +0000 2020, -75.117998, 40.004866, @consciouskidlib Hardworking single mama of 2, furloughed from work and struggling to stay above water ğŸ™â¤ï¸ Anythingâ€¦ https://t.co/wA6s2nUZPB 
SuperLee5, Thu Apr 23 03:32:09 +0000 2020, -93.361321, 46.441861, @CoryCove @Raising_Canes Happy birthday Cove! 
samanthaxled, Thu Apr 23 03:32:09 +0000 2020, -79.272570, 43.629311, If you feel youâ€™ve got an obstacle, now is the time to reflect on how to do things differently next time. Be honestâ€¦ https://t.co/I0lt5jXT7B 
B_OutThatLife, Thu Apr 23 03:32:09 +0000 2020, -76.593943, 24.074967, I need some excitement in my life man 
alisonjervis, Thu Apr 23 03:32:09 +0000 2020, -83.947162, 39.690213, did i know you oncein another life?are we here just onceor a billion times? 
skylinehg, Thu Apr 23 03:32:09 +0000 2020, -118.378000, 34.172200, Yes we are Open We are here for you, when you need us! SKYLINE HEALTH GROUP, and Dr. Anthony Silva DCÂ  is an essenâ€¦ https://t.co/EI5Bno3jJf 
Mr_DaiN, Thu Apr 23 03:32:10 +0000 2020, -118.159729, 34.035297, Smoking some good straight from de urt for #EarthDay2020 
chuckazooloo, Thu Apr 23 03:32:10 +0000 2020, -97.754724, 30.323346, @ChrisMosser @kiss It pays to have cool parents when youâ€™re 6 or 7 
cardinals150, Thu Apr 23 03:32:10 +0000 2020, -94.544949, 37.164146, @LibertyBritt https://t.co/c8rQjZWECk 
itspricemusic, Thu Apr 23 03:32:10 +0000 2020, -112.124676, 33.552863, Going to be a releasing a lot more music after this release and it would mean a lot if you guys went and presavedğŸ’šâ€¦ https://t.co/PmzRIR3psi 
King_Torion, Thu Apr 23 03:32:10 +0000 2020, -86.791549, 36.200008, Up out my face boy! 
HoopsTrojan, Thu Apr 23 03:32:10 +0000 2020, -83.173867, 32.678207, @kehinde_obasuyi @Hudl Dawg!!! 
joeywelsh5, Thu Apr 23 03:32:10 +0000 2020, -79.980689, 40.431389, @seangentille Frederick 
RockinSportz, Thu Apr 23 03:32:10 +0000 2020, -79.272570, 43.629311, @NEGirl711 Sweet Dreams 
cecycontigo, Thu Apr 23 03:32:10 +0000 2020, -100.168717, 25.778679, @Vladherso @ParlarRadio Saludos desde Monterrey 
aollanis, Thu Apr 23 03:32:10 +0000 2020, -117.412405, 34.000125, my mom pierced my ears today and it wasnâ€™t painful at all. thatâ€™s dangerous af lmfaoooo 
CourageousLove_, Thu Apr 23 03:32:10 +0000 2020, -79.995359, 35.995054, Ahhhhhhh canâ€™t tell you how great I feel after installing crochet braids. The pick me up I needed 
Masse_Sarah, Thu Apr 23 03:32:10 +0000 2020, -71.088712, 42.313670, @theartofsu ğŸ˜‚ I was shook! 
Feliz_NaviDa, Thu Apr 23 03:32:10 +0000 2020, -118.411907, 34.020789, Showing off my iner Disney character ğŸ˜„ https://t.co/W95PmJIAGe 
woods353, Thu Apr 23 03:32:10 +0000 2020, -73.831187, 40.670879, @CaslerNoel @GovMikeHuckabee Mikey...no you are not 
Loucrativ, Thu Apr 23 03:32:10 +0000 2020, -84.433106, 33.767195, so that was the finale for little fires? 
marabakes, Thu Apr 23 03:32:10 +0000 2020, -82.985772, 39.994684, What the hell am I watching... #Toohottohandlenetflix 
treydeantai, Thu Apr 23 03:32:10 +0000 2020, -90.479380, 30.482053, An HBCU turned into a PWI ğŸ’€ 
Mrs_Z_ro, Thu Apr 23 03:32:11 +0000 2020, -95.446486, 29.838495, My catwalk is ridiculous. Fierce!!! ğŸ… 
bipolarbasketc1, Thu Apr 23 03:32:10 +0000 2020, -83.804475, 27.698682, https://t.co/TjfDJlb8S4 
heavencarranza, Thu Apr 23 03:32:11 +0000 2020, -102.104627, 31.994300, @amayalynne omw 
WS7MSmoke, Thu Apr 23 03:32:11 +0000 2020, -83.099288, 42.352787, i see blood and want blood like the reaper 
darthvader92, Thu Apr 23 03:32:11 +0000 2020, -81.570878, 28.246567, @katiedoesdisney @Joe_Rohde @shopDisney @RobertIger Thatâ€™s true, usually they have a stock of them for the park andâ€¦ https://t.co/RSaBhwekgf 
cherylb58, Thu Apr 23 03:32:11 +0000 2020, -123.370838, 48.496225, @CajunBlueAZ1 I donâ€™t see the Fâ€”-ing duck!! ğŸ˜© 
vincsmith, Thu Apr 23 03:32:11 +0000 2020, -73.948775, 40.655138, @pejayeugene Make your next move with intention â¤ï¸ 
spicyspage, Thu Apr 23 03:32:11 +0000 2020, -118.411907, 34.020789, ğŸ¤¦ğŸ¾â€â™€ï¸ omggggg I cNnnttt I'd be like BYE I'm taking the fire escape 
bmooreintheloop, Thu Apr 23 03:32:11 +0000 2020, -123.120033, 49.098261, Hey there @CityofDeltaBC friends! Check this out!!! #sd37 @deltasd37 https://t.co/WSjyPTdn5Y 
anuarbekiman, Thu Apr 23 03:32:12 +0000 2020, -97.754724, 30.323346, @whatsinside @GrahamStephan I agree â˜ï¸ 
KPIZME, Thu Apr 23 03:32:12 +0000 2020, -122.023841, 37.378397, @AuntKim328 @AdrienneQW @DCGirlKayla Feed ME tacos and Iâ€™ll tell you anything you want. ğŸ˜ 
JosephFAllen, Thu Apr 23 03:32:12 +0000 2020, -73.968542, 40.780709, Why is washing my face always such a chore? Iâ€™ve never not dragged myself to the occasion 
Msampaio_11, Thu Apr 23 03:32:12 +0000 2020, -80.122355, 26.301198, @tdellossi Para de caÃ´ que 10 anos vocÃª tem sÃ³  de idade adulta, nem vou contar a adolescÃªncia e infÃ¢ncia.... 
kygirl93, Thu Apr 23 03:32:12 +0000 2020, -85.698188, 38.335135, @PhaySaya @bexone @erinbiba I love it! 
JBStewart, Thu Apr 23 03:32:12 +0000 2020, -83.173867, 32.678207, So @GeorgiaPSC, if @Talk2Windstream can tweet this status, why canâ€™t we get @TonyThomasWIN and team to text mobileâ€¦ https://t.co/E39lNji9Qk 
nessroshay, Thu Apr 23 03:32:12 +0000 2020, -97.135638, 32.701850, Cheyenne has me rolling 
ItaloPe12334, Thu Apr 23 03:32:12 +0000 2020, -80.134986, 26.373976, @sarahccoutinho Perfeita 
Panoramapapers, Thu Apr 23 03:32:12 +0000 2020, -81.815163, 35.020218, Afrique du Sud &gt; Faillite: La compagnie aÃ©rienne dÃ©pose le bilan https://t.co/oV0prRtE9V 
Emjaycee_, Thu Apr 23 03:32:12 +0000 2020, -85.996819, 39.870397, Unos bien acÃ¡ que cuando finalmente te tienen son bien pendejos 
jhardingAL, Thu Apr 23 03:32:12 +0000 2020, -86.760091, 33.385555, @ChrysteHall Omg. ğŸ’” This hurts. 
ninadonline, Thu Apr 23 03:32:12 +0000 2020, -111.858398, 33.639340, My husband is watching @Chrisley_USA with me for the first time (I watch it all the time solo) and he is entertaineâ€¦ https://t.co/zBGw0fKlI3 
Paschal__, Thu Apr 23 03:32:12 +0000 2020, -95.446486, 29.838495, You guys that do abs workouts do you guys actually like yourselves cause... 
KEENi4detail, Thu Apr 23 03:32:12 +0000 2020, -80.926628, 33.631140, @EliSeeney Pretty sure your insides will dry up 
jesparza1069, Thu Apr 23 03:32:12 +0000 2020, -95.158936, 29.668301, @SpeakerShinjini Ok 
robbiebrinkley1, Thu Apr 23 03:32:12 +0000 2020, -106.819250, 39.189530, Who doesnâ€™t want to hug Dave? #aspen @ Caribou Club https://t.co/70xYNVdzwd 
issahendrixxx, Thu Apr 23 03:32:12 +0000 2020, -84.433106, 33.767195, *anyone 
Mechelestar, Thu Apr 23 03:32:12 +0000 2020, -122.360053, 40.553995, @nutsaboutknittn A job 
lxrioo, Thu Apr 23 03:32:12 +0000 2020, -80.846785, 35.209059, @Yatusabejaviii Abed and troy 
levineeswife, Thu Apr 23 03:32:12 +0000 2020, -97.135638, 32.701850, @txstacks NOOO they are so good 
sierrako13, Thu Apr 23 03:32:12 +0000 2020, -122.435979, 37.770657, Today was so damn good ğŸ’ https://t.co/o4SjzGXvyY 
Loleyy_, Thu Apr 23 03:32:12 +0000 2020, -106.026119, 34.166235, Not enough is being done 
myrudy32, Thu Apr 23 03:32:12 +0000 2020, -84.412759, 42.711251, @myrudy32 Yup, and there it is 
kayhayles, Thu Apr 23 03:32:12 +0000 2020, -77.438513, 38.841163, lmao nooooooo ğŸ¤£ 
mamacUSA526, Thu Apr 23 03:32:13 +0000 2020, -95.446486, 29.838495, @Barbi__P @HarrisCoJudge I agree 100%.  Preventive measures are the reason we don t have more cases. 
J2TheD_, Thu Apr 23 03:32:13 +0000 2020, -82.487198, 39.967610, @NBA2K youâ€™re game is hot garbage. Your updates donâ€™t help anything. Thank you for allowing me to waste my money on more dumb shit. 
VirallyAds, Thu Apr 23 03:32:13 +0000 2020, -73.977182, 40.780751, I challenge you to ?#SaveTheWorld from #Coronavirus! Recycle empty soda bottles into face shields and become a heroâ€¦ https://t.co/dTIR8mrFEh 
A__LeeFamous, Thu Apr 23 03:32:13 +0000 2020, -96.761753, 32.819858, @MacGunna_ I got it but that ainâ€™t no smart investment no cap 
MatthewJona_, Thu Apr 23 03:32:13 +0000 2020, -122.218075, 47.392311, @ShayfrmUpt 4 max 1 min 
randompersonn13, Thu Apr 23 03:32:13 +0000 2020, -122.539070, 49.260204, https://t.co/4zNvBsDIP3 
CindyLouuuu_, Thu Apr 23 03:32:13 +0000 2020, -76.593943, 24.074967, lmfaooooo i then tell you how that one gone go ğŸ¤£ 
ladrianriveral, Thu Apr 23 03:32:13 +0000 2020, -118.338504, 34.116391, What yâ€™all up to?? https://t.co/7IQLTMN0zP 
aye_its_bayy, Thu Apr 23 03:32:13 +0000 2020, -98.540651, 29.417501, My grandmaâ€™s brother just died from COVID-19. I would like to have a socially distant â€œchatâ€ with every single protâ€¦ https://t.co/Figb9PdRfA 
o0omar415, Thu Apr 23 03:32:13 +0000 2020, -76.826504, 38.907379, @Miguelllllllll_ Both names are disgusting 
onekatmalone, Thu Apr 23 03:32:13 +0000 2020, -80.244984, 36.087169, @TreflePetit Thank you! 
TheRealDarenHo1, Thu Apr 23 03:32:13 +0000 2020, -73.831187, 40.670879, @megholliday @jiatolentino He always looked old in the show. Prob is the same but saggier brows amirite? 
drewsiph_, Thu Apr 23 03:32:13 +0000 2020, -73.530092, 40.768141, ğŸ‘ğŸ‘ğŸ‘ 
aye_its_bayy, Thu Apr 23 03:32:13 +0000 2020, -98.540651, 29.417501, Not looking to bring attention but I do want to bring awareness that YES- this hits close to home. May not for youâ€¦ https://t.co/2ZEReATzLi 
rizzomauri, Thu Apr 23 03:32:13 +0000 2020, -80.233328, 25.782353, @abertini1 1 y 4 
MrNaassir, Thu Apr 23 03:32:13 +0000 2020, -73.831187, 40.670879, @RitaSofiale @Silviadomi22G @InsanGaya @ArlindoFerreir4 @khanhakim_k @TaposKumarBasu @yaryschewanastaâ€¦ https://t.co/avoyBIDHJT 
_AyriTheDon, Thu Apr 23 03:32:13 +0000 2020, -96.068510, 30.095058, this aggressive asf lmfao 
moe_nasri, Thu Apr 23 03:32:13 +0000 2020, -119.306608, 37.269176, My hero academia is the shit https://t.co/xVE7wwxb0r 
AbeeCano, Thu Apr 23 03:32:13 +0000 2020, -117.022695, 38.502147, @MigggysInk ğŸ‘ğŸ‘ğŸ‘ğŸ‘ https://t.co/kaxmsQDGvy 
UrFavSpaceCadet, Thu Apr 23 03:32:13 +0000 2020, -76.899536, 38.900883, @justjoelee hey Joe, Iâ€™m watching your recent video, Iâ€™m assuming when you said â€œbackground separationâ€ Iâ€™m assuminâ€¦ https://t.co/bBVgmKbxSQ 
ChrisWi81298891, Thu Apr 23 03:32:14 +0000 2020, -102.104627, 31.994300, @gim357 Exactly. 
ClauWow, Thu Apr 23 03:32:14 +0000 2020, -95.446486, 29.838495, im wine drunk and Iâ€™m eating pizza roles, so Iâ€™m vv content haha 
URSTrulyT, Thu Apr 23 03:32:14 +0000 2020, -87.967292, 43.056722, I got this projector in my room just to end up watching HGTV on it ğŸ¤¦ğŸ¾â€â™€ï¸ 
juliosanchezor, Thu Apr 23 03:32:14 +0000 2020, -107.342056, 24.662488, yo tenÃ­a una de esas 
jcs6987, Thu Apr 23 03:32:14 +0000 2020, -83.804475, 27.698682, @shelton_brady ğŸ˜‚  yup. He was coming back already I heard. 
BGs_finest, Thu Apr 23 03:32:14 +0000 2020, -73.948775, 40.655138, I hear a lot of bullshit but I never sweat it, cause when you ask em bout it they gon say they never said it. 
__HumbleMe_, Thu Apr 23 03:32:14 +0000 2020, -78.895441, 35.990983, Work work work ğŸ¥´ğŸ¤·ğŸ½â€â™€ï¸ 
jay_a_white_, Thu Apr 23 03:32:14 +0000 2020, -80.926628, 33.631140, @MeganPatt328 https://t.co/UISU909pxP 
alberromero128, Thu Apr 23 03:32:14 +0000 2020, -111.001401, 31.192592, Me trato de convencer quÃ© estoy mejor sin ti... Pero hasle entender a mi perro corazÃ³n de hielo 
RgSoletzky, Thu Apr 23 03:32:14 +0000 2020, -112.124676, 33.552863, @BkmRlm9294 @TheRickWilson Like I said this crap keeps me up at night. 
jwaggo, Thu Apr 23 03:32:14 +0000 2020, -122.435979, 37.770657, The impact on the heart, long recovery period, and potential for sudden and horrific relapse (as a heart attack) haâ€¦ https://t.co/K6x7bkdg9S 
ThomasR40020199, Thu Apr 23 03:32:14 +0000 2020, -96.020520, 41.150705, ğŸ˜‚ğŸ¤£ğŸ˜… 
CR_HNLU, Thu Apr 23 03:32:14 +0000 2020, -95.446486, 29.838495, @bowgirl92 I got you lol 
fLAno0, Thu Apr 23 03:32:14 +0000 2020, -71.248902, 42.146170, PSN is down and I might lose it 
BigBadBumgarner, Thu Apr 23 03:32:15 +0000 2020, -89.922029, 35.133521, @Sammy_SosaBaby I completely agree ğŸ˜‚ğŸ˜‚ğŸ˜‚ 
iiseoiq, Thu Apr 23 03:32:15 +0000 2020, -73.342524, 41.144642, AniversÃ¡rio da mamÃ£e hoje e eu sÃ³ queria estar no br dando um abracinho nela 
john_kaufman, Thu Apr 23 03:32:15 +0000 2020, -105.550890, 38.997936, I swear, Iâ€™ve never seen two people who werenâ€™t exactly sure how a shovel worked until today. 
JanetMamajo4, Thu Apr 23 03:32:15 +0000 2020, -79.861034, 35.170499, @XXXXXEXXXXX 2016.  Facebook was turning into a cesspool of misinformation and trump bots.  I gave up on it. 
chiemikaneko, Thu Apr 23 03:32:15 +0000 2020, -118.131964, 34.177310, ã¡ã‚‡ã£ã¨é…”ã£ã¦ã‚‹ã®ã§ã¶ã£ã¡ã‚ƒã‘ã¾ã™ï¼ã‚¢ãƒ¡ãƒªã‚«ãŒã‚³ãƒ­ãƒŠã§ã‚¨ãƒ©ã‚¤äº‹ã«ãªã£ã¦ã€ã„ã‚ã‚“ãªæ–¹ã‹ã‚‰ã”å¿ƒé…ã®ãƒ¡ãƒ¼ãƒ«ãŒæ¥ã‚‹ã‚“ã§ã™ãŒã€ç§ã€æ™®é€šã«å…ƒæ°—ãªã‚“ã™ã‚ˆã€‚ã§ã€‚å¤±ç¤¼è¦šæ‚Ÿã§ã¶ã¡ã¾ã‘ã‚‹ã¨ã€Œæ—¥æœ¬äººã¯å®¶ã«å…¥ã‚‹å‰ã«é´ã‚’è„±ãç¿’æ…£ãŒã‚ã‚‹ã€‚ã ã‹ã‚‰æ„ŸæŸ“ç‡ãŒä½ã„ã€‚ã ã‹ã‚‰ã¡ãˆã¿ã‚‚æ°—ã‚’ã¤ã‘ã‚ã€(ç¶šã) 
alegre1519, Thu Apr 23 03:32:15 +0000 2020, -117.320879, 33.226316, @SoyReferee Bueno, si quieren meter a Guardado, esta bien 
xoxoautum, Thu Apr 23 03:32:15 +0000 2020, -94.559281, 39.100048, Could you tell me like it is 
adrianwhoelse, Thu Apr 23 03:32:15 +0000 2020, -72.680966, 41.765617, Valorant Any1 
IUcinema, Thu Apr 23 03:32:15 +0000 2020, -86.441236, 39.766555, â¬‡ï¸â¬‡ï¸â¬‡ï¸ 
Aegamin, Thu Apr 23 03:32:15 +0000 2020, -75.386460, 39.145024, @LizteaQ @GovMikeDeWine @DrAmyActon Not. Even. Close. 
PositiveEnerG, Thu Apr 23 03:32:15 +0000 2020, -104.922093, 39.713563, OMFG. This is brilliant, beautiful and hilarious! ğŸ˜‚ 
CaptainRocha, Thu Apr 23 03:32:15 +0000 2020, -120.987468, 37.663817, guess who just got cheated on ğŸ¥µ 
jenniferlilian_, Thu Apr 23 03:32:15 +0000 2020, -119.306608, 37.269176, why did i get tagged in this ğŸ˜‚ğŸ˜‚ğŸ˜‚ iâ€™m mad 
mmanuelaaaa11, Thu Apr 23 03:32:15 +0000 2020, -119.286867, 36.544726, Itâ€™s a big sacrifice to get out my bed and do my online work. 
badguybailey, Thu Apr 23 03:32:15 +0000 2020, -82.669467, 40.365160, @RyanAbe please ğŸ¥ºğŸ¥ºğŸ¥º 
kenwill27980, Thu Apr 23 03:32:15 +0000 2020, -79.420865, 38.003376, Did stats for 8 hours today, happy finals week (: 
theylovexari, Thu Apr 23 03:32:16 +0000 2020, -83.173867, 32.678207, Thrifting here I come ğŸ˜˜ğŸ˜˜ğŸ˜˜ 
sara_jean16, Thu Apr 23 03:32:16 +0000 2020, -86.520209, 36.221709, @laurenghockey thanks girl ğŸ’› 
_BellaTu, Thu Apr 23 03:32:16 +0000 2020, -76.593943, 24.074967, can I have this body please ğŸ˜¢ promise I ga behave 
Halieghaa, Thu Apr 23 03:32:16 +0000 2020, -105.550890, 38.997936, schools may not open until Jan 2021 but hair/nail salons, many retailers and gyms are opening on tuesday??? 
jadaholland_, Thu Apr 23 03:32:16 +0000 2020, -84.433106, 33.767195, @darkiedoII drugs! 
queerqueenuwu, Thu Apr 23 03:32:16 +0000 2020, -119.306608, 37.269176, @pat_reeks @misterkobee ğŸ˜‚ğŸ’– 
plant_sequoias, Thu Apr 23 03:32:16 +0000 2020, -85.768241, 37.822244, THIS IS RAPE!!! THIS. IS. RAPE. Iâ€™ll stand on this hill until I DIE. You do not owe sex to anyone! You choose to haâ€¦ https://t.co/0x7OqPk5g1 
fouzi_s, Thu Apr 23 03:32:16 +0000 2020, -80.546916, 43.482152, â€œAnti-intellectualism has been a constant thread winding its way through our political and cultural life, nurturedâ€¦ https://t.co/uAzP7UqDPq 
zvgr06, Thu Apr 23 03:32:16 +0000 2020, -85.565688, 42.290524, reading a book for the first time in YEARS and I forgot how much I love reading like I just get sucked in for so long ya know 
syko1969, Thu Apr 23 03:32:16 +0000 2020, -117.397616, 33.935822, @AL_clark71 Oh... Duh 
BrentSimons, Thu Apr 23 03:32:16 +0000 2020, -118.411907, 34.020789, My action figure white whale. 
freedom18104, Thu Apr 23 03:32:16 +0000 2020, -77.604684, 41.117936, A sensible message, and they should stay off the highways too---high speeds are very risky 
Lindacoombs, Thu Apr 23 03:32:16 +0000 2020, -79.861034, 35.170499, @MattEgelkraut Thanks sincerely and I do appreciate your work. Stay safe! â¤ï¸ 
elyfshr, Thu Apr 23 03:32:16 +0000 2020, -98.716992, 35.309047, STOP ğŸ‘ğŸ¼ OVERTHINKING ğŸ‘ğŸ¼ ELY ğŸ‘ğŸ¼ 
StrategicThghts, Thu Apr 23 03:32:16 +0000 2020, -122.998970, 49.353963, #FoxNews Stars Trumpeted a Malaria Drug, Until They Didnâ€™t https://t.co/x5B8G50DNd 
malibututor, Thu Apr 23 03:32:16 +0000 2020, -118.779000, 34.030400, Excellent &amp; Interactive virtual Malibu Toastmasters meeting @ Malibu, California https://t.co/Efg5ZRRLs8 
IzraelJesus, Thu Apr 23 03:32:16 +0000 2020, -123.279343, 44.569246, @realDailyWire This guy has an enormous amount of qualificationsSo he must know something 
Seanxsolo, Thu Apr 23 03:32:16 +0000 2020, -93.105649, 44.941516, Lol big sad bitch tonight! Better erase some tweets, get off the web and get some sleep 
LoudTalking_, Thu Apr 23 03:32:16 +0000 2020, -96.761753, 32.819858, Choose people who choose you 
BigDogShawn, Thu Apr 23 03:32:17 +0000 2020, -80.846785, 35.209059, @BigOnBig_ @lamarraynard Aye @BigOnBig_  you tripping ğŸ˜‚ğŸ˜‚ 
Monice98_, Thu Apr 23 03:32:17 +0000 2020, -90.011008, 29.982601, I want one. Iâ€™m tired of you bitches staring in my car for no reason ğŸ™„ 
ScottieREAP, Thu Apr 23 03:32:17 +0000 2020, -100.076888, 31.168893, Those who attract the number 33 have the opportunity to find ease with spiritual aspects of the world. They may seeâ€¦ https://t.co/cUZcHB9Vip 
jenniferrae1218, Thu Apr 23 03:32:17 +0000 2020, -82.342269, 34.795941, @Bridget_NewGirl So cute ğŸ¥° 
shvnnen0hwhy, Thu Apr 23 03:32:17 +0000 2020, -121.967821, 37.370990, Seeing shit like this from back home hurts cus services like this donâ€™t NEED to stay open but still stay open to seâ€¦ https://t.co/cVT52Z0GA9 
raraROMI, Thu Apr 23 03:32:17 +0000 2020, -76.992441, 38.752715, My favorite thing to do is my skincare 
anastasia_monty, Thu Apr 23 03:32:17 +0000 2020, -89.876449, 32.571032, Also bought myself the bikini Iâ€™ve been wanting and Iâ€™m so excited for it to come in, like I said yâ€™all itâ€™s gonnaâ€¦ https://t.co/bcGbNgy6aJ 
ScottieREAP, Thu Apr 23 03:32:17 +0000 2020, -100.076888, 31.168893, Those with 33 as one of their core numbers have a lot of knowledge, but, since they desire full understanding, theyâ€¦ https://t.co/huwASGrLfx 
JTinSea, Thu Apr 23 03:32:17 +0000 2020, -122.330602, 47.614817, @PreserveWA @seattlepi @hip_photo Iâ€™ve been wondering if anyone has been documenting these. I was toying with goingâ€¦ https://t.co/AtSj1WKajq 
jabroniu, Thu Apr 23 03:32:17 +0000 2020, -82.573675, 27.473975, Quarantine Transformation. https://t.co/nxoF6fU4Fo 
jossselynnne, Thu Apr 23 03:32:17 +0000 2020, -96.605809, 33.640095, Let it go sis https://t.co/ilcY3fDoLH 
sookie1969, Thu Apr 23 03:32:17 +0000 2020, -78.965541, 39.062539, Listening to Fires, Weed And The Weather by @robinwilliams on @PandoraMusichttps://t.co/CPjyvsPubC https://t.co/nCTh4sM8O1 
TheAllenCompany, Thu Apr 23 03:32:17 +0000 2020, -84.480185, 39.287901, @ThatSchoolcraft Now THAT is getting hacked ;p 
thepbg, Thu Apr 23 03:32:17 +0000 2020, -76.964999, 38.942774, So.I made my Tiktok account. Now I don't know what to do cuz I only know one person to follow on there. 
SkaggsBoy91, Thu Apr 23 03:32:17 +0000 2020, -83.804475, 27.698682, @ssbbwpiggy Well we at least agree on 1 lol 
dadtrash, Thu Apr 23 03:32:18 +0000 2020, -117.397616, 33.935822, marcus said succubus and i couldnt afree more 
thepbg, Thu Apr 23 03:32:18 +0000 2020, -76.964999, 38.942774, Who's going to bear witness to my supreme lip sync song stylings? 
jazz60123, Thu Apr 23 03:32:18 +0000 2020, -82.672903, 27.795720, @RockSingR10 @EOLeinberger @realDonaldTrump @GOP @SenFeinstein Ever word you speak us the total truth. 
camerontorrente, Thu Apr 23 03:32:18 +0000 2020, -111.528078, 33.422364, https://t.co/Fv9TZljZdo 
Redeemed___one, Thu Apr 23 03:32:18 +0000 2020, -95.369400, 29.760200, Psalms 25:1-10 AMP: To You, O LORD, I lift up my soul. O my God, in You I [have unwavering] trust [and I rely on Yoâ€¦ https://t.co/ebgbOg1dDs 
jake1967, Thu Apr 23 03:32:18 +0000 2020, -122.909400, 49.204300, Iâ€™m free-Soup Dragons #music#vinyl#musicislifeâ¤ï¸ #soupdragons #wednesdayspins @ New Westminster, British Columbia https://t.co/r4d76FmvYF 
bittertxngerine, Thu Apr 23 03:32:18 +0000 2020, -82.985772, 39.994684, did my makeup for 30 minutes and am now taking it off but it was worth it because ty looked up at me and said damnâ€¦ https://t.co/V44xV2jH5X 
princesa_qui, Thu Apr 23 03:32:18 +0000 2020, -73.968542, 40.780709, â€˜Doing Shit For Attention Wont Get My Attention âœ¨ https://t.co/rpGHjg1YcJ 
_brazilbreezy, Thu Apr 23 03:32:18 +0000 2020, -78.413671, 36.325622, Ion even be having the energy for people nomore 
_jaaywoods, Thu Apr 23 03:32:18 +0000 2020, -98.540651, 29.417501, *Me knocking at the door*Him - who is it? Me - Itâ€™s Jay you got any dick for me?ğŸ¤£ 
pyzyktv, Thu Apr 23 03:32:18 +0000 2020, -80.132962, 25.816966, Happy Earth Day! ğŸŒ Our beaches are enjoying a much needed break during these difficult times ğŸŒŠ  @MiamiBeachPagesâ€¦ https://t.co/OaZxrCKPPM 
mikedibler75, Thu Apr 23 03:32:18 +0000 2020, -94.972361, 35.916336, @purristaa Wildly sexyğŸ‘…ğŸ˜º 
chriselise, Thu Apr 23 03:32:18 +0000 2020, -118.480420, 34.022688, @knucklehead316 Once in a while I get lucky. ğŸ¤ğŸ¼ But I take the compliment. 
crawfordsjonah, Thu Apr 23 03:32:18 +0000 2020, -86.145320, 39.583039, @maddiejean613 @CrawfordCollins maddie no 
Shawn_Rine, Thu Apr 23 03:32:18 +0000 2020, -80.734815, 39.921248, No idea how/why people still sleep on Legend. 
PeachaNicole, Thu Apr 23 03:32:19 +0000 2020, -107.744496, 32.261435, So help me God, I will fight 
sakacyan2003, Thu Apr 23 03:32:19 +0000 2020, -118.389353, 33.783326, @lullymiura å‡ºãªãã¦è‰¯ã„ã‚ˆ 
Queen__Newbss, Thu Apr 23 03:32:19 +0000 2020, -85.425011, 31.232221, Imma banana that got split ğŸ¥´ 
18isluck, Thu Apr 23 03:32:19 +0000 2020, -97.302830, 32.520998, my thoughts be ahead of me https://t.co/SCPCMuaBmP 
Princez2593, Thu Apr 23 03:32:19 +0000 2020, -81.367773, 28.501678, @SkyCommander7 @IGN https://t.co/pADMTVbqUd 
TySosaChapo, Thu Apr 23 03:32:19 +0000 2020, -89.922029, 35.133521, These hoes cold 
paaulpaarker, Thu Apr 23 03:32:19 +0000 2020, -79.272570, 43.629311, Pero he estado viendo narcos mexico en Netflix. Â¡Pendejo! https://t.co/QUGGHBk4ZW 
idontneedahug_, Thu Apr 23 03:32:19 +0000 2020, -123.279343, 44.569246, @doritegrocery @SandyDarity @monastrahan It didnâ€™t start off like that and it started on mainstream news. When theyâ€¦ https://t.co/UNbfVuxWRz 
mvrck_media, Thu Apr 23 03:32:19 +0000 2020, -97.448523, 32.892175, @carmentakesdix @PMarizzleAddict Love this 
christianserino, Thu Apr 23 03:32:20 +0000 2020, -80.149173, 26.150368, For tomorrowâ€™s #NFLDraft Iâ€™d love to see @Bengals take Young no.1 and then watch the @MiamiDolphins and @Raiders trâ€¦ https://t.co/2irMkmGMl7 
LORDE_HAZ, Thu Apr 23 03:32:20 +0000 2020, -77.604684, 41.117936, bernie by a landslide 
rj_gladney, Thu Apr 23 03:32:20 +0000 2020, -99.750556, 32.415051, That  38 baby 2 different 
Den2Reckless, Thu Apr 23 03:32:20 +0000 2020, -121.469664, 38.561722, I gotta work OT on Friday ğŸ˜© 
Lust_ForLife, Thu Apr 23 03:32:20 +0000 2020, -87.732013, 41.833585, @__fakehumble Lmfao facts...niggas be like â€œPorsha?â€ I be like yes. ğŸ˜« 
davidkeselman, Thu Apr 23 03:32:20 +0000 2020, -122.917508, 49.206752, Finding reasons to celebrate and appreciate our environment 
DaniValRico, Thu Apr 23 03:32:20 +0000 2020, -100.196134, 25.676603, @krisheltorres Aggg 
J_smooth_E, Thu Apr 23 03:32:21 +0000 2020, -76.620482, 39.284713, After this quarantine, over help and I promise I will still knock your head off. Only hoopers understand ğŸ¤˜ğŸ¼ 
GentStateOfMind, Thu Apr 23 03:32:21 +0000 2020, -96.761753, 32.819858, @evaacurran https://t.co/meEeLVMl3n 
OhToFreeCanada, Thu Apr 23 03:32:21 +0000 2020, -79.820465, 43.381396, @Pekka_Reinio @IshatReza @DrAndrewK1 @DerekSloanCPC https://t.co/TWztArlfti 
lajoliecreole_, Thu Apr 23 03:32:21 +0000 2020, -90.011008, 29.982601, Might dye my hair black temporarily idk yet 
kayy_dott_, Thu Apr 23 03:32:21 +0000 2020, -100.076888, 31.168893, @nishaa_99 I promise it wonâ€™t happen again ğŸ˜‚ğŸ˜‚ 
jaynicoledyer, Thu Apr 23 03:32:21 +0000 2020, -86.142922, 39.779562, Iâ€™m really tired of the schizophrenia jokes on TikTok. As someone who has witnessed a loved one suffer from the disâ€¦ https://t.co/fL3sfXmEBb 
Oliver_Sawyer, Thu Apr 23 03:32:21 +0000 2020, -71.629841, 42.060288, @Alexrosado01 â€œBro drake the goatâ€ 
valll_rubioo, Thu Apr 23 03:32:21 +0000 2020, -119.306608, 37.269176, @DanielRodrigx she needs to understand we need matching shoes .. 
flightmarshalls, Thu Apr 23 03:32:21 +0000 2020, -77.636294, 38.812291, @TreyyMB The owner the stadium the fans 
k_dontplay_, Thu Apr 23 03:32:21 +0000 2020, -85.425011, 31.232221, Finally building me a damn my player Catch me at the court 
DandreWilliams_, Thu Apr 23 03:32:21 +0000 2020, -95.446486, 29.838495, @BCimBA ğŸ˜‚ğŸ˜‚ğŸ˜‚ 
kitesoumoun, Thu Apr 23 03:32:21 +0000 2020, -80.230635, 26.204792, @1caribbean_king Oh nah I ainâ€™t tripping I lied backğŸ˜‚ğŸ˜‚ 
corijS, Thu Apr 23 03:32:21 +0000 2020, -76.255686, 36.895082, Iâ€™d probably still do this now 
Chrisfabs, Thu Apr 23 03:32:21 +0000 2020, -119.782465, 36.786042, I seem to be attracting a very specific type of man on tiktok... what is it about me that says â€œold creepy conservaâ€¦ https://t.co/rVZvoMLpIn 
MsBianca_xo, Thu Apr 23 03:32:21 +0000 2020, -96.761753, 32.819858, @GoBigGurlsGo Lmfao yes 
Pyrowoods, Thu Apr 23 03:32:21 +0000 2020, -122.228685, 37.791994, @TrynaSmoke My tribe. 
Desautomatas, Thu Apr 23 03:32:21 +0000 2020, -115.223125, 36.232915, ğŸ˜ğŸ˜ğŸ˜ 
ArvinderThind, Thu Apr 23 03:32:21 +0000 2020, -122.818486, 49.111519, @SukhLalli95 Hate texting too but I love tweeting ğŸ˜‚ 
CesLSU, Thu Apr 23 03:32:21 +0000 2020, -95.446486, 29.838495, #Houston #realtor #EarthDay2020 #MAGA #vaccine 
woodcider, Thu Apr 23 03:32:22 +0000 2020, -73.968542, 40.780709, @Strangelove5150 @aleksandra2002 @AmerIndependent You like fake tits with deadened nipples? Ew. 
phillip_reese, Thu Apr 23 03:32:22 +0000 2020, -75.367197, 40.625276, @cope23 ğŸ˜”ğŸ™ğŸ»ğŸ’™ 
timfeltman1, Thu Apr 23 03:32:22 +0000 2020, -83.173867, 32.678207, @McAllisterDen No argument there! 
LaModernaNYC, Thu Apr 23 03:32:22 +0000 2020, -73.968542, 40.780709, Damn 
joeedanyelle, Thu Apr 23 03:32:22 +0000 2020, -121.300425, 37.980826, I forgot my camera was on this whole time ğŸ˜‚ my class was probably like â€œdamn who she yelling atâ€ lmao ğŸ˜‚ I was yelliâ€¦ https://t.co/WRJ7DO00cB 
ELDiablo_237xx, Thu Apr 23 03:32:22 +0000 2020, -112.267873, 34.544869, https://t.co/89RgkZdQ8P 
1nonchalant_mf, Thu Apr 23 03:32:22 +0000 2020, -83.173867, 32.678207, ASAP 
Kinkzwithstyle, Thu Apr 23 03:32:22 +0000 2020, -96.690937, 32.964484, ğŸ˜‚ğŸ˜‚ğŸ˜‚ğŸ˜‚ğŸ˜­ğŸ˜© 
StephieeeeLynn, Thu Apr 23 03:32:22 +0000 2020, -77.236969, 38.805115, It blows my mind how ppl try to work things out in a relationship. Yet, things dont change or ppl only wsnt thing wâ€¦ https://t.co/1VOUKfXyxE 
ZoniOlsen, Thu Apr 23 03:32:22 +0000 2020, -157.937057, 21.404041, @SusanNelsPres Thor hasnâ€™t done his taxes heâ€™s too turnt up 12/10 he probably wonâ€™t do his taxes, he says he has noâ€¦ https://t.co/DxQK02DbQi 
smarcello64, Thu Apr 23 03:32:22 +0000 2020, -90.079239, 30.404170, @_janellex @blushpots Congrats ğŸˆ and praise to God that baby was alive . Prayers for the mom to be healthy too !!! 
Papafra70840972, Thu Apr 23 03:32:22 +0000 2020, -82.672903, 27.795720, @TomthunkitsMind Wa-a I'm not gotten my way. I'm gonna hold my breath till I turn Orange!  Then you'll be sorry. 
FreakyKIOTL, Thu Apr 23 03:32:23 +0000 2020, -83.099288, 42.352787, I need some ğŸ‘ 
misschristinee7, Thu Apr 23 03:32:23 +0000 2020, -119.319526, 36.319486, I want one 
shimmer812, Thu Apr 23 03:32:23 +0000 2020, -120.882482, 47.273022, Cheers from the Lido Deck....Grapefruit ICE and Ocean Vodka.  Keeping it classy here in Battle Ground, where I canâ€¦ https://t.co/zM7rVyV7QK 
NicklesQuinn, Thu Apr 23 03:32:23 +0000 2020, -116.979419, 46.399266, i found my person and weâ€™re unconditionally in love and no one can take that away from us 
susarm, Thu Apr 23 03:32:23 +0000 2020, -75.117998, 40.004866, going through old pics on my phone and found this screenshot of the greatest 70s Russian grammar book that ever livâ€¦ https://t.co/dOLOEBAAjA 
morgan_steady, Thu Apr 23 03:32:23 +0000 2020, -82.442694, 27.996595, wish my mind had a switch :))))) 
jimsontamano, Thu Apr 23 03:32:23 +0000 2020, -117.782360, 33.689732, @Selomon_G9 Is that a guarantee? 
saddubstepkid, Thu Apr 23 03:32:23 +0000 2020, -77.014398, 38.898603, Is this real 
LasshGirl, Thu Apr 23 03:32:23 +0000 2020, -121.300425, 37.980826, It would b so cute i can imagine her pointing at everything like "poppy" 
issahendrixxx, Thu Apr 23 03:32:24 +0000 2020, -84.433106, 33.767195, @thatsbeej Why not ? 
brendaqzda1, Thu Apr 23 03:32:24 +0000 2020, -99.538038, 24.855818, Creo que ya voy a volver a tener novioğŸ¥´ğŸ¥° 
PinellasCo911, Thu Apr 23 03:32:24 +0000 2020, -82.655729, 27.716488, Alert: FIRE ALARM @ 5701 16 ST S Tac: G Sent: E8 E11 https://t.co/4RjqTHZQhA 
gregmroscoe, Thu Apr 23 03:32:24 +0000 2020, -119.306608, 37.269176, https://t.co/PFLETmSs6F 
leandroestrela, Thu Apr 23 03:32:24 +0000 2020, -73.723025, 45.557830, @_licristina Hahaha aÃ­ tu quer um stand up. Belo cantou tudo e um pouco mais que os fÃ£s dele curtem 
610Tjj, Thu Apr 23 03:32:24 +0000 2020, -95.446486, 29.838495, Iâ€™m tryna go on a seafood date ğŸ˜‘ 
TheMtnBrown, Thu Apr 23 03:32:24 +0000 2020, -79.861034, 35.170499, @codyp2288 @_Bump_Bump_ No, but I promise Iâ€™ll check it out. 
MchardyPayton, Thu Apr 23 03:32:24 +0000 2020, -83.265635, 42.753907, *them â˜ºï¸ 
huyzie, Thu Apr 23 03:32:24 +0000 2020, -117.887439, 33.739992, @eatyourkimchi Itâ€™s rounder ã…‹ã…‹ 
Himmie__, Thu Apr 23 03:32:24 +0000 2020, -79.861034, 35.170499, @Shlayboii yo shoot me a follow so I can DM 
iamDanny_, Thu Apr 23 03:32:24 +0000 2020, -73.829384, 40.912499, ğŸ˜¢ 
JohnThePrez_, Thu Apr 23 03:32:24 +0000 2020, -93.809434, 32.461107, @laulyyyyyy Imma just let him have it sis. 
TheRogueDoyenne, Thu Apr 23 03:32:24 +0000 2020, -95.446486, 29.838495, @TheBadNewsB @ddale8 Thatâ€™s awesome. ğŸ¤£ğŸ˜‚ğŸ¤£ 
GypsyRN212, Thu Apr 23 03:32:24 +0000 2020, -73.945349, 40.711686, @liboogz13 neuro symptoms ( appt) tomorrow 
SomeUglyNigga, Thu Apr 23 03:32:24 +0000 2020, -83.173867, 32.678207, Oh wow 
Glikeme210, Thu Apr 23 03:32:24 +0000 2020, -106.417430, 31.793368, @number1slacker1 I guess. She's earned, it..... 
ClaimnWealth, Thu Apr 23 03:32:24 +0000 2020, -79.857363, 36.090397, @Nedricko95 I get my notifications so late smh! But you know everyone has their struggles!! 
FOREVER_SAINT, Thu Apr 23 03:32:24 +0000 2020, -166.599693, 23.691364, I stand by it had my for about 3 yrs still rocking em 
pelos_65, Thu Apr 23 03:32:24 +0000 2020, -106.568008, 31.452274, @TransDaughter ğŸ˜‹ğŸ†ğŸ’¦ğŸ’¦ğŸ’¦ğŸ’¦ 
witchdctralex, Thu Apr 23 03:32:24 +0000 2020, -93.809434, 32.461107, @finessyca Yup 
DuckyDanBakley, Thu Apr 23 03:32:25 +0000 2020, -122.705000, 38.448600, Love, Simon is about to play. This is the perfect way to end this amazingly awesome day. Wow! They canâ€™t all be amaâ€¦ https://t.co/VWnekqwW1h 
Romanatized, Thu Apr 23 03:32:25 +0000 2020, -73.831187, 40.670879, Don't you just hate it when the email you have been waiting for all along was sitting in your spam folder this entire time ğŸ¤¡ğŸ”ª 
Angelisacunt, Thu Apr 23 03:32:25 +0000 2020, -118.165419, 33.899313, Anyone wanna date and promise not to hurt me Iâ€™m tired of these hoes man 
maryeli_vs, Thu Apr 23 03:32:25 +0000 2020, -72.730467, 44.357676, @eluwito @ShamiraCespedes @pitucos_txt No solo es por la crisis, es ilÃ³gico cobrar lo mismo cuando no estas haciendâ€¦ https://t.co/U5jTqTubVM 
imagnetize, Thu Apr 23 03:32:25 +0000 2020, -73.968542, 40.780709, @Eedwardsellis https://t.co/puhOwJ4qYo 
MeaaagenBrianne, Thu Apr 23 03:32:25 +0000 2020, -118.156711, 33.809172, I shouldâ€™ve bought alcohol before I left work....Iâ€™m bored 
DoopsterSports, Thu Apr 23 03:32:25 +0000 2020, -92.486822, 31.293275, @Blondie_32195 https://t.co/FELYvR4kJk 
Juju_momx3, Thu Apr 23 03:32:25 +0000 2020, -74.167808, 40.915047, Goodnight ğŸ¥° 
thaneay_ikefay, Thu Apr 23 03:32:25 +0000 2020, -84.481627, 42.746720, YeSSiRSKi 
Corona_Chinese_, Thu Apr 23 03:32:25 +0000 2020, -104.955612, 39.589577, @DrSenthil_MDRD In india if we want to achieve that number we should test 3 crore people. 
DolanGardner, Thu Apr 23 03:32:25 +0000 2020, -90.079239, 30.404170, @OldTakesExposed Bruh 
aubreybloom, Thu Apr 23 03:32:25 +0000 2020, -96.291649, 30.585471, Got two pallets of sod coming tomorrow. https://t.co/TXr7YTqFc9 
patiomensch, Thu Apr 23 03:32:26 +0000 2020, -93.262046, 44.970610, @ExtraPaleMale Thereâ€™s that, too, especially around streets and cars. 
Spookyalisa, Thu Apr 23 03:32:26 +0000 2020, -80.045939, 32.914424, Iâ€™d rather be dead than to deal with shit like thatğŸ¥´ 
AnisaBarua, Thu Apr 23 03:32:26 +0000 2020, -83.034363, 42.669887, 2020 ainâ€™t gonna let me be a millionaire but rather let be something else lmaoo ğŸ¤¦ğŸ¼â€â™€ï¸ 
attyrik, Thu Apr 23 03:32:26 +0000 2020, -149.488857, 61.365127, @bluestein @staceyabrams I'm still not so sure Trump is wrong. 
kurtz_ms, Thu Apr 23 03:32:26 +0000 2020, -79.299672, 43.880695, Iâ€™m grading gr9 IPPs tonight. Hereâ€™s how they stay entertained: video and board games, learning to bake/cook, schooâ€¦ https://t.co/jEnMNJASOb 
JUANJAC0B, Thu Apr 23 03:32:26 +0000 2020, -85.170051, 41.086917, ITS BEEN OVER A HALF HOUR @kellyweezy ! 
TeamTeeks, Thu Apr 23 03:32:26 +0000 2020, -117.887439, 33.739992, Marbles on stream!!!https://t.co/5Hg5Rq3N6G 
fablosantt, Thu Apr 23 03:32:26 +0000 2020, -83.804475, 27.698682, Paz de Deus!ğŸ˜´ 
Brandonnnn_____, Thu Apr 23 03:32:26 +0000 2020, -115.223125, 36.232915, smh Iâ€™m always bored ğŸ˜” 
B_OutThatLife, Thu Apr 23 03:32:27 +0000 2020, -76.593943, 24.074967, Tired of everything being a hassle 
THUNDERBIRDZZ7, Thu Apr 23 03:32:27 +0000 2020, -80.218642, 40.454187, SUGAR DADDY ğŸ†ğŸ­ https://t.co/B6wOsbL1oC 
Mabelinr1994, Thu Apr 23 03:32:27 +0000 2020, -73.671361, 40.998694, Going to bed. Night Twitter verse. 
CNeroTV, Thu Apr 23 03:32:27 +0000 2020, -121.453278, 38.510510, #NEW: The @CDCgov announced two pet cats from different households tested positive for the new coronavirus in New Yâ€¦ https://t.co/MEdrP8OJR7 
_brazilbreezy, Thu Apr 23 03:32:27 +0000 2020, -78.413671, 36.325622, This why I be dolo 
sexyvon82, Thu Apr 23 03:32:27 +0000 2020, -84.303599, 33.890188, The Queen has spoken. 
yamane_patricia, Thu Apr 23 03:32:27 +0000 2020, -87.732013, 41.833585, @jbart1055 @arseneau_sandy @colonelBOB2020 @jelly_snatch @jinglebell3831 @MissMichelle61 @Karens_Red_Ponyâ€¦ https://t.co/xn3ETemVwS 
DougSloan, Thu Apr 23 03:32:27 +0000 2020, -77.014398, 38.898603, Dave Zirin is a great sports journo, but you cant trust a Knicks fan to discuss anything Jordan."It's a very flaweâ€¦ https://t.co/RhtW6SB1vs 
ranchera71, Thu Apr 23 03:32:27 +0000 2020, -97.754724, 30.323346, Feeling out of sorts. At least Thor gets me. ğŸ˜’ğŸ˜• https://t.co/EfULWsD0be 
TheJustineRhame, Thu Apr 23 03:32:27 +0000 2020, -98.123250, 29.705614, single girls in the club say waaaay ohhh // waaaaay ohhhhh https://t.co/c1BVkhKv4U 
